timestamp,native_load_kw,adjusted_load_kw,grid_buy_kw,grid_sell_kw,pv_available_kw,pv_used_kw,pv_curtail_kw,battery_charge_kw,battery_discharge_kw,battery_energy_kwh,ev_charge_total_kw,ev_discharge_total_kw,ev_net_kw,load_shift_down_kw,load_shift_up_kw,load_shed_kw,unmet_load_kw
2025-07-14 00:00:00,382.7,382.7,382.7,0.0,0.0,0.0,0.0,0.0,0.0,600.0,0.0,0.0,0.0,0.0,0.0,0.0,0.0
2025-07-14 00:15:00,384.3,384.3,384.3,0.0,0.0,0.0,0.0,0.0,0.0,600.0,0.0,0.0,0.0,0.0,0.0,0.0,0.0
2025-07-14 00:30:00,373.5,373.5,373.5,0.0,0.0,0.0,0.0,0.0,0.0,600.0,0.0,0.0,0.0,0.0,0.0,0.0,0.0
2025-07-14 00:45:00,357.0,357.0,357.0,0.0,0.0,0.0,0.0,0.0,0.0,600.0,0.0,0.0,0.0,0.0,0.0,0.0,0.0
2025-07-14 01:00:00,367.5,367.5,367.5,0.0,0.0,0.0,0.0,0.0,0.0,600.0,0.0,0.0,0.0,0.0,0.0,0.0,0.0
2025-07-14 01:15:00,370.2,370.2,370.2,0.0,0.0,0.0,0.0,0.0,0.0,600.0,0.0,0.0,0.0,0.0,0.0,0.0,0.0
2025-07-14 01:30:00,370.8,370.8,370.8,0.0,0.0,0.0,0.0,0.0,0.0,600.0,0.0,0.0,0.0,0.0,0.0,0.0,0.0
2025-07-14 01:45:00,376.4,376.4,376.4,0.0,0.0,0.0,0.0,0.0,0.0,600.0,0.0,0.0,0.0,0.0,0.0,0.0,0.0
2025-07-14 02:00:00,371.2,371.2,371.2,0.0,0.0,0.0,0.0,0.0,0.0,600.0,0.0,0.0,0.0,0.0,0.0,0.0,0.0
2025-07-14 02:15:00,361.1,361.1,361.1,0.0,0.0,0.0,0.0,0.0,0.0,600.0,0.0,0.0,0.0,0.0,0.0,0.0,0.0
2025-07-14 02:30:00,374.2,374.2,374.2,0.0,0.0,0.0,0.0,0.0,0.0,600.0,0.0,0.0,0.0,0.0,0.0,0.0,0.0
2025-07-14 02:45:00,373.0,373.0,373.0,0.0,0.0,0.0,0.0,0.0,0.0,600.0,0.0,0.0,0.0,0.0,0.0,0.0,0.0
2025-07-14 03:00:00,368.4,368.4,368.4,0.0,0.0,0.0,0.0,0.0,0.0,600.0,0.0,0.0,0.0,0.0,0.0,0.0,0.0
2025-07-14 03:15:00,385.4,385.4,385.4,0.0,0.0,0.0,0.0,0.0,0.0,600.0,0.0,0.0,0.0,0.0,0.0,0.0,0.0
2025-07-14 03:30:00,378.3,378.3,378.3,0.0,0.0,0.0,0.0,0.0,0.0,600.0,0.0,0.0,0.0,0.0,0.0,0.0,0.0
2025-07-14 03:45:00,365.1,365.1,365.1,0.0,0.0,0.0,0.0,0.0,0.0,600.0,0.0,0.0,0.0,0.0,0.0,0.0,0.0
2025-07-14 04:00:00,383.1,383.1,383.1,0.0,0.0,0.0,0.0,0.0,0.0,600.0,0.0,0.0,0.0,0.0,0.0,0.0,0.0
2025-07-14 04:15:00,378.8,378.8,378.8,0.0,0.0,0.0,0.0,0.0,0.0,600.0,0.0,0.0,0.0,0.0,0.0,0.0,0.0
2025-07-14 04:30:00,370.6,370.6,370.6,0.0,0.0,0.0,0.0,0.0,0.0,600.0,0.0,0.0,0.0,0.0,0.0,0.0,0.0
2025-07-14 04:45:00,368.3,368.3,368.3,0.0,0.0,0.0,0.0,0.0,0.0,600.0,0.0,0.0,0.0,0.0,0.0,0.0,0.0
2025-07-14 05:00:00,382.3,382.3,382.3,0.0,0.0,0.0,0.0,0.0,0.0,600.0,0.0,0.0,0.0,0.0,0.0,0.0,0.0
2025-07-14 05:15:00,378.6,378.6,378.6,0.0,0.0,0.0,0.0,0.0,0.0,600.0,0.0,0.0,0.0,0.0,0.0,0.0,0.0
2025-07-14 05:30:00,380.4,380.4,380.4,0.0,0.0,0.0,0.0,0.0,0.0,600.0,0.0,0.0,0.0,0.0,0.0,0.0,0.0
2025-07-14 05:45:00,367.3,367.3,356.6,0.0,10.7,10.7,0.0,0.0,0.0,600.0,0.0,0.0,0.0,0.0,0.0,0.0,0.0
2025-07-14 06:00:00,405.6,405.6,378.5,0.0,27.1,27.1,0.0,0.0,0.0,600.0,0.0,0.0,0.0,0.0,0.0,0.0,0.0
2025-07-14 06:15:00,408.4,408.4,361.7,0.0,46.7,46.7,0.0,0.0,0.0,600.0,0.0,0.0,0.0,0.0,0.0,0.0,0.0
2025-07-14 06:30:00,436.6,436.6,368.20000000000005,0.0,68.4,68.4,0.0,0.0,0.0,600.0,0.0,0.0,0.0,0.0,0.0,0.0,0.0
2025-07-14 06:45:00,425.8,425.8,347.9,0.0,91.9,91.9,0.0,0.0,0.0,600.0,14.0,0.0,14.0,0.0,0.0,0.0,0.0
2025-07-14 07:00:00,470.8,470.8,368.3,0.0,116.5,116.5,0.0,0.0,0.0,600.0,14.0,0.0,14.0,0.0,0.0,0.0,0.0
2025-07-14 07:15:00,484.0,484.0,356.0,0.0,142.0,142.0,0.0,0.0,0.0,600.0,14.0,0.0,14.0,0.0,0.0,0.0,0.0
2025-07-14 07:30:00,502.9,502.9,355.79999999999995,0.0,168.1,168.1,0.0,0.0,0.0,600.0,21.0,0.0,21.0,0.0,0.0,0.0,0.0
2025-07-14 07:45:00,525.5,525.5,359.0,0.0,194.5,194.5,0.0,0.0,0.0,600.0,28.0,0.0,28.0,0.0,0.0,0.0,0.0
2025-07-14 08:00:00,542.5,542.5,356.5,0.0,221.0,221.0,0.0,0.0,0.0,600.0,35.0,0.0,35.0,0.0,0.0,0.0,0.0
2025-07-14 08:15:00,568.6,568.6,380.6105263157895,0.0,247.2,247.2,0.0,0.0,0.0,600.0,59.21052631578948,0.0,59.21052631578948,0.0,0.0,0.0,0.0
2025-07-14 08:30:00,585.4,585.4,394.29999999999995,0.0,273.1,273.1,0.0,0.0,0.0,600.0,82.0,0.0,82.0,0.0,0.0,0.0,0.0
2025-07-14 08:45:00,606.3,606.3,400.99999999999994,0.0,298.3,298.3,0.0,0.0,0.0,600.0,93.0,0.0,93.0,0.0,0.0,0.0,0.0
2025-07-14 09:00:00,619.4,619.4,400.7,0.0,322.7,322.7,0.0,0.0,0.0,600.0,104.0,0.0,104.0,0.0,0.0,0.0,0.0
2025-07-14 09:15:00,642.0,642.0,397.1578947368421,0.0,346.0,346.0,0.0,0.0,0.0,600.0,101.15789473684214,0.0,101.15789473684214,0.0,0.0,0.0,0.0
2025-07-14 09:30:00,645.7,645.7,402.1842105263159,0.0,368.2,368.2,0.0,0.0,0.0,600.0,124.68421052631577,0.0,124.68421052631577,0.0,0.0,0.0,0.0
2025-07-14 09:45:00,662.9,662.9,378.42631578947373,0.0,389.0,389.0,0.0,0.0,0.0,600.0,104.52631578947371,0.0,104.52631578947371,0.0,0.0,0.0,0.0
2025-07-14 10:00:00,671.9,671.9,364.5,0.0,408.4,408.4,0.0,0.0,0.0,600.0,101.0,0.0,101.0,0.0,0.0,0.0,0.0
2025-07-14 10:15:00,693.3,693.3,379.29999999999995,0.0,426.0,426.0,0.0,0.0,0.0,600.0,112.0,0.0,112.0,0.0,0.0,0.0,0.0
2025-07-14 10:30:00,676.8,676.8,357.6368421052631,0.0,441.9,441.9,0.0,0.0,0.0,600.0,122.73684210526316,0.0,122.73684210526316,0.0,0.0,0.0,0.0
2025-07-14 10:45:00,700.9,700.9,362.2631578947369,0.0,455.9,455.9,0.0,0.0,0.0,600.0,117.26315789473684,0.0,117.26315789473684,0.0,0.0,0.0,0.0
2025-07-14 11:00:00,716.4,716.4,338.50526315789466,0.0,468.0,468.0,0.0,0.0,0.0,600.0,90.10526315789474,0.0,90.10526315789474,0.0,0.0,0.0,0.0
2025-07-14 11:15:00,705.5,705.5,310.6,0.0,477.9,477.9,0.0,0.0,0.0,600.0,83.0,0.0,83.0,0.0,0.0,0.0,0.0
2025-07-14 11:30:00,721.4,721.4,314.6999999999999,0.0,485.7,485.7,0.0,0.0,0.0,600.0,78.99999999999994,0.0,78.99999999999994,0.0,0.0,0.0,0.0
2025-07-14 11:45:00,714.6,714.6,275.7789473684211,0.0,491.4,491.4,0.0,0.0,0.0,600.0,52.57894736842104,0.0,52.57894736842104,0.0,0.0,0.0,0.0
2025-07-14 12:00:00,684.6,684.6,225.79473684210524,0.0,494.7,494.7,0.0,0.0,0.0,600.0,35.89473684210523,0.0,35.89473684210523,0.0,0.0,0.0,0.0
2025-07-14 12:15:00,679.3,679.3,215.39999999999998,0.0,495.9,495.9,0.0,0.0,0.0,600.0,32.0,0.0,32.0,0.0,0.0,0.0,0.0
2025-07-14 12:30:00,694.6,694.6,221.95263157894732,0.0,494.7,494.7,0.0,0.0,0.0,600.0,22.052631578947334,0.0,22.052631578947334,0.0,0.0,0.0,0.0
2025-07-14 12:45:00,675.6,675.6,205.20000000000005,0.0,491.4,491.4,0.0,0.0,0.0,600.0,21.0,0.0,21.0,0.0,0.0,0.0,0.0
2025-07-14 13:00:00,700.6,700.6,235.90000000000003,0.0,485.7,485.7,0.0,0.0,0.0,600.0,21.0,0.0,21.0,0.0,0.0,0.0,0.0
2025-07-14 13:15:00,680.7,680.7,219.5894736842106,0.0,477.9,477.9,0.0,0.0,0.0,600.0,16.789473684210517,0.0,16.789473684210517,0.0,0.0,0.0,0.0
2025-07-14 13:30:00,664.9,664.9,209.42631578947362,0.0,468.0,468.0,0.0,0.0,0.0,600.0,12.526315789473692,0.0,12.526315789473692,0.0,0.0,0.0,0.0
2025-07-14 13:45:00,674.8,674.8,222.84736842105258,0.0,455.9,455.9,0.0,0.0,0.0,600.0,3.9473684210526385,0.0,3.9473684210526385,0.0,0.0,0.0,0.0
2025-07-14 14:00:00,715.3,715.3,273.4,0.0,441.9,441.9,0.0,0.0,0.0,600.0,0.0,0.0,0.0,0.0,0.0,0.0,0.0
2025-07-14 14:15:00,718.7,718.7,292.70000000000005,0.0,426.0,426.0,0.0,0.0,0.0,600.0,0.0,0.0,0.0,0.0,0.0,0.0,0.0
2025-07-14 14:30:00,737.1,737.1,328.70000000000005,0.0,408.4,408.4,0.0,0.0,0.0,600.0,0.0,0.0,0.0,0.0,0.0,0.0,0.0
2025-07-14 14:45:00,725.0,725.0,336.0,0.0,389.0,389.0,0.0,0.0,0.0,600.0,0.0,0.0,0.0,0.0,0.0,0.0,0.0
2025-07-14 15:00:00,738.3,738.3,370.09999999999997,0.0,368.2,368.2,0.0,0.0,0.0,600.0,0.0,0.0,0.0,0.0,0.0,0.0,0.0
2025-07-14 15:15:00,730.4,730.4,384.4,0.0,346.0,346.0,0.0,0.0,0.0,600.0,0.0,0.0,0.0,0.0,0.0,0.0,0.0
2025-07-14 15:30:00,747.4,747.4,424.7,0.0,322.7,322.7,0.0,0.0,0.0,600.0,0.0,0.0,0.0,0.0,0.0,0.0,0.0
2025-07-14 15:45:00,748.0,748.0,449.7,0.0,298.3,298.3,0.0,0.0,0.0,600.0,0.0,0.0,0.0,0.0,0.0,0.0,0.0
2025-07-14 16:00:00,753.3,753.3,480.19999999999993,0.0,273.1,273.1,0.0,0.0,0.0,600.0,0.0,0.0,0.0,0.0,0.0,0.0,0.0
2025-07-14 16:15:00,725.5,725.5,478.3,0.0,247.2,247.2,0.0,0.0,0.0,600.0,0.0,0.0,0.0,0.0,0.0,0.0,0.0
2025-07-14 16:30:00,746.7,746.7,525.7,0.0,221.0,221.0,0.0,0.0,0.0,600.0,0.0,0.0,0.0,0.0,0.0,0.0,0.0
2025-07-14 16:45:00,750.6,750.6,556.1,0.0,194.5,194.5,0.0,0.0,0.0,600.0,0.0,0.0,0.0,0.0,0.0,0.0,0.0
2025-07-14 17:00:00,723.8,723.8,555.6999999999999,0.0,168.1,168.1,0.0,0.0,0.0,600.0,0.0,0.0,0.0,0.0,0.0,0.0,0.0
2025-07-14 17:15:00,717.2,717.2,575.2,0.0,142.0,142.0,0.0,0.0,0.0,600.0,0.0,0.0,0.0,0.0,0.0,0.0,0.0
2025-07-14 17:30:00,683.2,683.2,566.7,0.0,116.5,116.5,0.0,0.0,0.0,600.0,0.0,0.0,0.0,0.0,0.0,0.0,0.0
2025-07-14 17:45:00,663.2,663.2,571.3000000000001,0.0,91.9,91.9,0.0,0.0,0.0,600.0,0.0,0.0,0.0,0.0,0.0,0.0,0.0
2025-07-14 18:00:00,635.2,635.2,566.8000000000001,0.0,68.4,68.4,0.0,0.0,0.0,600.0,0.0,0.0,0.0,0.0,0.0,0.0,0.0
2025-07-14 18:15:00,626.0,626.0,579.3,0.0,46.7,46.7,0.0,0.0,0.0,600.0,0.0,0.0,0.0,0.0,0.0,0.0,0.0
2025-07-14 18:30:00,620.8,620.8,593.6999999999999,0.0,27.1,27.1,0.0,0.0,0.0,600.0,0.0,0.0,0.0,0.0,0.0,0.0,0.0
2025-07-14 18:45:00,596.5,596.5,585.8,0.0,10.7,10.7,0.0,0.0,0.0,600.0,0.0,0.0,0.0,0.0,0.0,0.0,0.0
2025-07-14 19:00:00,586.3,586.3,586.3,0.0,0.0,0.0,0.0,0.0,0.0,600.0,0.0,0.0,0.0,0.0,0.0,0.0,0.0
2025-07-14 19:15:00,569.8,569.8,569.8,0.0,0.0,0.0,0.0,0.0,0.0,600.0,0.0,0.0,0.0,0.0,0.0,0.0,0.0
2025-07-14 19:30:00,564.2,564.2,564.2,0.0,0.0,0.0,0.0,0.0,0.0,600.0,0.0,0.0,0.0,0.0,0.0,0.0,0.0
2025-07-14 19:45:00,538.9,538.9,538.9,0.0,0.0,0.0,0.0,0.0,0.0,600.0,0.0,0.0,0.0,0.0,0.0,0.0,0.0
2025-07-14 20:00:00,500.3,500.3,500.3,0.0,0.0,0.0,0.0,0.0,0.0,600.0,0.0,0.0,0.0,0.0,0.0,0.0,0.0
2025-07-14 20:15:00,488.4,488.4,488.4,0.0,0.0,0.0,0.0,0.0,0.0,600.0,0.0,0.0,0.0,0.0,0.0,0.0,0.0
2025-07-14 20:30:00,483.5,483.5,483.5,0.0,0.0,0.0,0.0,0.0,0.0,600.0,0.0,0.0,0.0,0.0,0.0,0.0,0.0
2025-07-14 20:45:00,476.5,476.5,476.5,0.0,0.0,0.0,0.0,0.0,0.0,600.0,0.0,0.0,0.0,0.0,0.0,0.0,0.0
2025-07-14 21:00:00,463.8,463.8,463.8,0.0,0.0,0.0,0.0,0.0,0.0,600.0,0.0,0.0,0.0,0.0,0.0,0.0,0.0
2025-07-14 21:15:00,458.4,458.4,458.4,0.0,0.0,0.0,0.0,0.0,0.0,600.0,0.0,0.0,0.0,0.0,0.0,0.0,0.0
2025-07-14 21:30:00,441.4,441.4,441.4,0.0,0.0,0.0,0.0,0.0,0.0,600.0,0.0,0.0,0.0,0.0,0.0,0.0,0.0
2025-07-14 21:45:00,449.2,449.2,449.2,0.0,0.0,0.0,0.0,0.0,0.0,600.0,0.0,0.0,0.0,0.0,0.0,0.0,0.0
2025-07-14 22:00:00,432.9,432.9,432.9,0.0,0.0,0.0,0.0,0.0,0.0,600.0,0.0,0.0,0.0,0.0,0.0,0.0,0.0
2025-07-14 22:15:00,426.2,426.2,426.2,0.0,0.0,0.0,0.0,0.0,0.0,600.0,0.0,0.0,0.0,0.0,0.0,0.0,0.0
2025-07-14 22:30:00,431.6,431.6,431.6,0.0,0.0,0.0,0.0,0.0,0.0,600.0,0.0,0.0,0.0,0.0,0.0,0.0,0.0
2025-07-14 22:45:00,419.8,419.8,419.8,0.0,0.0,0.0,0.0,0.0,0.0,600.0,0.0,0.0,0.0,0.0,0.0,0.0,0.0
2025-07-14 23:00:00,411.7,411.7,411.7,0.0,0.0,0.0,0.0,0.0,0.0,600.0,0.0,0.0,0.0,0.0,0.0,0.0,0.0
2025-07-14 23:15:00,425.2,425.2,425.2,0.0,0.0,0.0,0.0,0.0,0.0,600.0,0.0,0.0,0.0,0.0,0.0,0.0,0.0
2025-07-14 23:30:00,417.5,417.5,417.5,0.0,0.0,0.0,0.0,0.0,0.0,600.0,0.0,0.0,0.0,0.0,0.0,0.0,0.0
2025-07-14 23:45:00,390.4,390.4,390.4,0.0,0.0,0.0,0.0,0.0,0.0,600.0,0.0,0.0,0.0,0.0,0.0,0.0,0.0
2025-07-15 00:00:00,383.8,383.8,383.8,0.0,0.0,0.0,0.0,0.0,0.0,600.0,0.0,0.0,0.0,0.0,0.0,0.0,0.0
2025-07-15 00:15:00,371.7,371.7,371.7,0.0,0.0,0.0,0.0,0.0,0.0,600.0,0.0,0.0,0.0,0.0,0.0,0.0,0.0
2025-07-15 00:30:00,386.8,386.8,386.8,0.0,0.0,0.0,0.0,0.0,0.0,600.0,0.0,0.0,0.0,0.0,0.0,0.0,0.0
2025-07-15 00:45:00,383.6,383.6,383.6,0.0,0.0,0.0,0.0,0.0,0.0,600.0,0.0,0.0,0.0,0.0,0.0,0.0,0.0
2025-07-15 01:00:00,372.8,372.8,372.8,0.0,0.0,0.0,0.0,0.0,0.0,600.0,0.0,0.0,0.0,0.0,0.0,0.0,0.0
2025-07-15 01:15:00,371.7,371.7,371.7,0.0,0.0,0.0,0.0,0.0,0.0,600.0,0.0,0.0,0.0,0.0,0.0,0.0,0.0
2025-07-15 01:30:00,377.2,377.2,377.2,0.0,0.0,0.0,0.0,0.0,0.0,600.0,0.0,0.0,0.0,0.0,0.0,0.0,0.0
2025-07-15 01:45:00,379.5,379.5,379.5,0.0,0.0,0.0,0.0,0.0,0.0,600.0,0.0,0.0,0.0,0.0,0.0,0.0,0.0
2025-07-15 02:00:00,381.6,381.6,381.6,0.0,0.0,0.0,0.0,0.0,0.0,600.0,0.0,0.0,0.0,0.0,0.0,0.0,0.0
2025-07-15 02:15:00,383.7,383.7,383.7,0.0,0.0,0.0,0.0,0.0,0.0,600.0,0.0,0.0,0.0,0.0,0.0,0.0,0.0
2025-07-15 02:30:00,377.7,377.7,377.7,0.0,0.0,0.0,0.0,0.0,0.0,600.0,0.0,0.0,0.0,0.0,0.0,0.0,0.0
2025-07-15 02:45:00,355.9,355.9,355.9,0.0,0.0,0.0,0.0,0.0,0.0,600.0,0.0,0.0,0.0,0.0,0.0,0.0,0.0
2025-07-15 03:00:00,385.6,385.6,385.6,0.0,0.0,0.0,0.0,0.0,0.0,600.0,0.0,0.0,0.0,0.0,0.0,0.0,0.0
2025-07-15 03:15:00,360.8,360.8,360.8,0.0,0.0,0.0,0.0,0.0,0.0,600.0,0.0,0.0,0.0,0.0,0.0,0.0,0.0
2025-07-15 03:30:00,364.3,364.3,364.3,0.0,0.0,0.0,0.0,0.0,0.0,600.0,0.0,0.0,0.0,0.0,0.0,0.0,0.0
2025-07-15 03:45:00,376.7,376.7,376.7,0.0,0.0,0.0,0.0,0.0,0.0,600.0,0.0,0.0,0.0,0.0,0.0,0.0,0.0
2025-07-15 04:00:00,373.3,373.3,373.3,0.0,0.0,0.0,0.0,0.0,0.0,600.0,0.0,0.0,0.0,0.0,0.0,0.0,0.0
2025-07-15 04:15:00,372.0,372.0,372.0,0.0,0.0,0.0,0.0,0.0,0.0,600.0,0.0,0.0,0.0,0.0,0.0,0.0,0.0
2025-07-15 04:30:00,364.5,364.5,364.5,0.0,0.0,0.0,0.0,0.0,0.0,600.0,0.0,0.0,0.0,0.0,0.0,0.0,0.0
2025-07-15 04:45:00,372.7,372.7,372.7,0.0,0.0,0.0,0.0,0.0,0.0,600.0,0.0,0.0,0.0,0.0,0.0,0.0,0.0
2025-07-15 05:00:00,379.5,379.5,379.5,0.0,0.0,0.0,0.0,0.0,0.0,600.0,0.0,0.0,0.0,0.0,0.0,0.0,0.0
2025-07-15 05:15:00,364.4,364.4,364.4,0.0,0.0,0.0,0.0,0.0,0.0,600.0,0.0,0.0,0.0,0.0,0.0,0.0,0.0
2025-07-15 05:30:00,387.9,387.9,387.9,0.0,0.0,0.0,0.0,0.0,0.0,600.0,0.0,0.0,0.0,0.0,0.0,0.0,0.0
2025-07-15 05:45:00,396.6,396.6,386.40000000000003,0.0,10.2,10.2,0.0,0.0,0.0,600.0,0.0,0.0,0.0,0.0,0.0,0.0,0.0
2025-07-15 06:00:00,395.4,395.4,369.5,0.0,25.9,25.9,0.0,0.0,0.0,600.0,0.0,0.0,0.0,0.0,0.0,0.0,0.0
2025-07-15 06:15:00,403.9,403.9,359.29999999999995,0.0,44.6,44.6,0.0,0.0,0.0,600.0,0.0,0.0,0.0,0.0,0.0,0.0,0.0
2025-07-15 06:30:00,440.5,440.5,375.0,0.0,65.5,65.5,0.0,0.0,0.0,600.0,0.0,0.0,0.0,0.0,0.0,0.0,0.0
2025-07-15 06:45:00,445.2,445.2,357.29999999999995,0.0,87.9,87.9,0.0,0.0,0.0,600.0,0.0,0.0,0.0,0.0,0.0,0.0,0.0
2025-07-15 07:00:00,453.7,453.7,342.29999999999995,0.0,111.4,111.4,0.0,0.0,0.0,600.0,0.0,0.0,0.0,0.0,0.0,0.0,0.0
2025-07-15 07:15:00,492.1,492.1,356.20000000000005,0.0,135.9,135.9,0.0,0.0,0.0,600.0,0.0,0.0,0.0,0.0,0.0,0.0,0.0
2025-07-15 07:30:00,497.0,497.0,365.2,0.0,160.8,160.8,0.0,0.0,0.0,600.0,29.0,0.0,29.0,0.0,0.0,0.0,0.0
2025-07-15 07:45:00,525.1,525.1,379.0,0.0,186.1,186.1,0.0,0.0,0.0,600.0,40.0,0.0,40.0,0.0,0.0,0.0,0.0
2025-07-15 08:00:00,552.3,552.3,401.9,0.0,211.4,211.4,0.0,0.0,0.0,600.0,61.0,0.0,61.0,0.0,0.0,0.0,0.0
2025-07-15 08:15:00,576.7,576.7,401.20000000000005,0.0,236.5,236.5,0.0,0.0,0.0,600.0,61.0,0.0,61.0,0.0,0.0,0.0,0.0
2025-07-15 08:30:00,589.6,589.6,407.40000000000003,0.0,261.2,261.2,0.0,0.0,0.0,600.0,79.0,0.0,79.0,0.0,0.0,0.0,0.0
2025-07-15 08:45:00,595.7,595.7,407.40000000000003,0.0,285.3,285.3,0.0,0.0,0.0,600.0,97.0,0.0,97.0,0.0,0.0,0.0,0.0
2025-07-15 09:00:00,626.8,626.8,404.25263157894733,0.0,308.6,308.6,0.0,0.0,0.0,600.0,86.05263157894737,0.0,86.05263157894737,0.0,0.0,0.0,0.0
2025-07-15 09:15:00,634.3,634.3,404.29999999999995,0.0,331.0,331.0,0.0,0.0,0.0,600.0,101.0,0.0,101.0,0.0,0.0,0.0,0.0
2025-07-15 09:30:00,652.3,652.3,398.41578947368413,0.0,352.2,352.2,0.0,0.0,0.0,600.0,98.31578947368419,0.0,98.31578947368419,0.0,0.0,0.0,0.0
2025-07-15 09:45:00,669.6,669.6,371.8157894736843,0.0,372.1,372.1,0.0,0.0,0.0,600.0,74.31578947368425,0.0,74.31578947368425,0.0,0.0,0.0,0.0
2025-07-15 10:00:00,665.1,665.1,342.5,0.0,390.6,390.6,0.0,0.0,0.0,600.0,68.0,0.0,68.0,0.0,0.0,0.0,0.0
2025-07-15 10:15:00,683.1,683.1,339.38947368421054,0.0,407.5,407.5,0.0,0.0,0.0,600.0,63.789473684210535,0.0,63.789473684210535,0.0,0.0,0.0,0.0
2025-07-15 10:30:00,698.8,698.8,314.6263157894736,0.0,422.7,422.7,0.0,0.0,0.0,600.0,38.526315789473685,0.0,38.526315789473685,0.0,0.0,0.0,0.0
2025-07-15 10:45:00,699.0,699.0,294.9,0.0,436.1,436.1,0.0,0.0,0.0,600.0,32.0,0.0,32.0,0.0,0.0,0.0,0.0
2025-07-15 11:00:00,722.1,722.1,306.5,0.0,447.6,447.6,0.0,0.0,0.0,600.0,32.0,0.0,32.0,0.0,0.0,0.0,0.0
2025-07-15 11:15:00,705.8,705.8,271.2263157894736,0.0,457.1,457.1,0.0,0.0,0.0,600.0,22.52631578947367,0.0,22.52631578947367,0.0,0.0,0.0,0.0
2025-07-15 11:30:00,720.2,720.2,276.6,0.0,464.6,464.6,0.0,0.0,0.0,600.0,21.0,0.0,21.0,0.0,0.0,0.0,0.0
2025-07-15 11:45:00,726.7,726.7,277.70000000000005,0.0,470.0,470.0,0.0,0.0,0.0,600.0,21.0,0.0,21.0,0.0,0.0,0.0,0.0
2025-07-15 12:00:00,692.6,692.6,240.40000000000003,0.0,473.2,473.2,0.0,0.0,0.0,600.0,21.0,0.0,21.0,0.0,0.0,0.0,0.0
2025-07-15 12:15:00,700.1,700.1,238.32631578947377,0.0,474.3,474.3,0.0,0.0,0.0,600.0,12.526315789473704,0.0,12.526315789473704,0.0,0.0,0.0,0.0
2025-07-15 12:30:00,685.1,685.1,218.90000000000003,0.0,473.2,473.2,0.0,0.0,0.0,600.0,7.0,0.0,7.0,0.0,0.0,0.0,0.0
2025-07-15 12:45:00,684.1,684.1,221.10000000000002,0.0,470.0,470.0,0.0,0.0,0.0,600.0,7.0,0.0,7.0,0.0,0.0,0.0,0.0
2025-07-15 13:00:00,689.6,689.6,232.0,0.0,464.6,464.6,0.0,0.0,0.0,600.0,7.0,0.0,7.0,0.0,0.0,0.0,0.0
2025-07-15 13:15:00,673.9,673.9,217.16842105263152,0.0,457.1,457.1,0.0,0.0,0.0,600.0,0.36842105263152625,0.0,0.36842105263152625,0.0,0.0,0.0,0.0
2025-07-15 13:30:00,683.8,683.8,236.19999999999993,0.0,447.6,447.6,0.0,0.0,0.0,600.0,0.0,0.0,0.0,0.0,0.0,0.0,0.0
2025-07-15 13:45:00,682.8,682.8,246.69999999999993,0.0,436.1,436.1,0.0,0.0,0.0,600.0,0.0,0.0,0.0,0.0,0.0,0.0,0.0
2025-07-15 14:00:00,724.1,724.1,301.40000000000003,0.0,422.7,422.7,0.0,0.0,0.0,600.0,0.0,0.0,0.0,0.0,0.0,0.0,0.0
2025-07-15 14:15:00,736.2,736.2,328.70000000000005,0.0,407.5,407.5,0.0,0.0,0.0,600.0,0.0,0.0,0.0,0.0,0.0,0.0,0.0
2025-07-15 14:30:00,739.1,739.1,348.5,0.0,390.6,390.6,0.0,0.0,0.0,600.0,0.0,0.0,0.0,0.0,0.0,0.0,0.0
2025-07-15 14:45:00,750.3,750.3,378.19999999999993,0.0,372.1,372.1,0.0,0.0,0.0,600.0,0.0,0.0,0.0,0.0,0.0,0.0,0.0
2025-07-15 15:00:00,740.3,740.3,388.09999999999997,0.0,352.2,352.2,0.0,0.0,0.0,600.0,0.0,0.0,0.0,0.0,0.0,0.0,0.0
2025-07-15 15:15:00,746.6,746.6,415.6,0.0,331.0,331.0,0.0,0.0,0.0,600.0,0.0,0.0,0.0,0.0,0.0,0.0,0.0
2025-07-15 15:30:00,736.7,736.7,428.1,0.0,308.6,308.6,0.0,0.0,0.0,600.0,0.0,0.0,0.0,0.0,0.0,0.0,0.0
2025-07-15 15:45:00,744.1,744.1,458.8,0.0,285.3,285.3,0.0,0.0,0.0,600.0,0.0,0.0,0.0,0.0,0.0,0.0,0.0
2025-07-15 16:00:00,752.7,752.7,491.50000000000006,0.0,261.2,261.2,0.0,0.0,0.0,600.0,0.0,0.0,0.0,0.0,0.0,0.0,0.0
2025-07-15 16:15:00,738.4,738.4,501.9,0.0,236.5,236.5,0.0,0.0,0.0,600.0,0.0,0.0,0.0,0.0,0.0,0.0,0.0
2025-07-15 16:30:00,769.0,769.0,557.6,0.0,211.4,211.4,0.0,0.0,0.0,600.0,0.0,0.0,0.0,0.0,0.0,0.0,0.0
2025-07-15 16:45:00,762.1,762.1,576.0,0.0,186.1,186.1,0.0,0.0,0.0,600.0,0.0,0.0,0.0,0.0,0.0,0.0,0.0
2025-07-15 17:00:00,729.5,729.5,568.7,0.0,160.8,160.8,0.0,0.0,0.0,600.0,0.0,0.0,0.0,0.0,0.0,0.0,0.0
2025-07-15 17:15:00,719.5,719.5,583.6,0.0,135.9,135.9,0.0,0.0,0.0,600.0,0.0,0.0,0.0,0.0,0.0,0.0,0.0
2025-07-15 17:30:00,682.9,682.9,571.5,0.0,111.4,111.4,0.0,0.0,0.0,600.0,0.0,0.0,0.0,0.0,0.0,0.0,0.0
2025-07-15 17:45:00,663.6,663.6,575.7,0.0,87.9,87.9,0.0,0.0,0.0,600.0,0.0,0.0,0.0,0.0,0.0,0.0,0.0
2025-07-15 18:00:00,632.9,632.9,567.4,0.0,65.5,65.5,0.0,0.0,0.0,600.0,0.0,0.0,0.0,0.0,0.0,0.0,0.0
2025-07-15 18:15:00,642.4,642.4,597.8,0.0,44.6,44.6,0.0,0.0,0.0,600.0,0.0,0.0,0.0,0.0,0.0,0.0,0.0
2025-07-15 18:30:00,613.1,613.1,587.2,0.0,25.9,25.9,0.0,0.0,0.0,600.0,0.0,0.0,0.0,0.0,0.0,0.0,0.0
2025-07-15 18:45:00,598.1,598.1,587.9,0.0,10.2,10.2,0.0,0.0,0.0,600.0,0.0,0.0,0.0,0.0,0.0,0.0,0.0
2025-07-15 19:00:00,593.0,593.0,593.0,0.0,0.0,0.0,0.0,0.0,0.0,600.0,0.0,0.0,0.0,0.0,0.0,0.0,0.0
2025-07-15 19:15:00,573.0,573.0,573.0,0.0,0.0,0.0,0.0,0.0,0.0,600.0,0.0,0.0,0.0,0.0,0.0,0.0,0.0
2025-07-15 19:30:00,557.5,557.5,557.5,0.0,0.0,0.0,0.0,0.0,0.0,600.0,0.0,0.0,0.0,0.0,0.0,0.0,0.0
2025-07-15 19:45:00,536.9,536.9,536.9,0.0,0.0,0.0,0.0,0.0,0.0,600.0,0.0,0.0,0.0,0.0,0.0,0.0,0.0
2025-07-15 20:00:00,497.1,497.1,497.1,0.0,0.0,0.0,0.0,0.0,0.0,600.0,0.0,0.0,0.0,0.0,0.0,0.0,0.0
2025-07-15 20:15:00,494.6,494.6,494.6,0.0,0.0,0.0,0.0,0.0,0.0,600.0,0.0,0.0,0.0,0.0,0.0,0.0,0.0
2025-07-15 20:30:00,490.1,490.1,490.1,0.0,0.0,0.0,0.0,0.0,0.0,600.0,0.0,0.0,0.0,0.0,0.0,0.0,0.0
2025-07-15 20:45:00,479.3,479.3,479.3,0.0,0.0,0.0,0.0,0.0,0.0,600.0,0.0,0.0,0.0,0.0,0.0,0.0,0.0
2025-07-15 21:00:00,463.0,463.0,463.0,0.0,0.0,0.0,0.0,0.0,0.0,600.0,0.0,0.0,0.0,0.0,0.0,0.0,0.0
2025-07-15 21:15:00,467.3,467.3,467.3,0.0,0.0,0.0,0.0,0.0,0.0,600.0,0.0,0.0,0.0,0.0,0.0,0.0,0.0
2025-07-15 21:30:00,452.4,452.4,452.4,0.0,0.0,0.0,0.0,0.0,0.0,600.0,0.0,0.0,0.0,0.0,0.0,0.0,0.0
2025-07-15 21:45:00,453.5,453.5,453.5,0.0,0.0,0.0,0.0,0.0,0.0,600.0,0.0,0.0,0.0,0.0,0.0,0.0,0.0
2025-07-15 22:00:00,455.6,455.6,455.6,0.0,0.0,0.0,0.0,0.0,0.0,600.0,0.0,0.0,0.0,0.0,0.0,0.0,0.0
2025-07-15 22:15:00,419.6,419.6,419.6,0.0,0.0,0.0,0.0,0.0,0.0,600.0,0.0,0.0,0.0,0.0,0.0,0.0,0.0
2025-07-15 22:30:00,426.3,426.3,426.3,0.0,0.0,0.0,0.0,0.0,0.0,600.0,0.0,0.0,0.0,0.0,0.0,0.0,0.0
2025-07-15 22:45:00,407.2,407.2,407.2,0.0,0.0,0.0,0.0,0.0,0.0,600.0,0.0,0.0,0.0,0.0,0.0,0.0,0.0
2025-07-15 23:00:00,422.5,422.5,422.5,0.0,0.0,0.0,0.0,0.0,0.0,600.0,0.0,0.0,0.0,0.0,0.0,0.0,0.0
2025-07-15 23:15:00,413.9,413.9,413.9,0.0,0.0,0.0,0.0,0.0,0.0,600.0,0.0,0.0,0.0,0.0,0.0,0.0,0.0
2025-07-15 23:30:00,421.5,421.5,421.5,0.0,0.0,0.0,0.0,0.0,0.0,600.0,0.0,0.0,0.0,0.0,0.0,0.0,0.0
2025-07-15 23:45:00,411.7,411.7,411.7,0.0,0.0,0.0,0.0,0.0,0.0,600.0,0.0,0.0,0.0,0.0,0.0,0.0,0.0
2025-07-16 00:00:00,384.1,384.1,384.1,0.0,0.0,0.0,0.0,0.0,0.0,600.0,0.0,0.0,0.0,0.0,0.0,0.0,0.0
2025-07-16 00:15:00,377.3,377.3,377.3,0.0,0.0,0.0,0.0,0.0,0.0,600.0,0.0,0.0,0.0,0.0,0.0,0.0,0.0
2025-07-16 00:30:00,375.5,375.5,375.5,0.0,0.0,0.0,0.0,0.0,0.0,600.0,0.0,0.0,0.0,0.0,0.0,0.0,0.0
2025-07-16 00:45:00,373.4,373.4,373.4,0.0,0.0,0.0,0.0,0.0,0.0,600.0,0.0,0.0,0.0,0.0,0.0,0.0,0.0
2025-07-16 01:00:00,384.9,384.9,384.9,0.0,0.0,0.0,0.0,0.0,0.0,600.0,0.0,0.0,0.0,0.0,0.0,0.0,0.0
2025-07-16 01:15:00,371.1,371.1,371.1,0.0,0.0,0.0,0.0,0.0,0.0,600.0,0.0,0.0,0.0,0.0,0.0,0.0,0.0
2025-07-16 01:30:00,367.6,367.6,367.6,0.0,0.0,0.0,0.0,0.0,0.0,600.0,0.0,0.0,0.0,0.0,0.0,0.0,0.0
2025-07-16 01:45:00,378.0,378.0,378.0,0.0,0.0,0.0,0.0,0.0,0.0,600.0,0.0,0.0,0.0,0.0,0.0,0.0,0.0
2025-07-16 02:00:00,372.0,372.0,372.0,0.0,0.0,0.0,0.0,0.0,0.0,600.0,0.0,0.0,0.0,0.0,0.0,0.0,0.0
2025-07-16 02:15:00,373.4,373.4,373.4,0.0,0.0,0.0,0.0,0.0,0.0,600.0,0.0,0.0,0.0,0.0,0.0,0.0,0.0
2025-07-16 02:30:00,369.2,369.2,369.2,0.0,0.0,0.0,0.0,0.0,0.0,600.0,0.0,0.0,0.0,0.0,0.0,0.0,0.0
2025-07-16 02:45:00,376.5,376.5,376.5,0.0,0.0,0.0,0.0,0.0,0.0,600.0,0.0,0.0,0.0,0.0,0.0,0.0,0.0
2025-07-16 03:00:00,382.2,382.2,382.2,0.0,0.0,0.0,0.0,0.0,0.0,600.0,0.0,0.0,0.0,0.0,0.0,0.0,0.0
2025-07-16 03:15:00,391.0,391.0,391.0,0.0,0.0,0.0,0.0,0.0,0.0,600.0,0.0,0.0,0.0,0.0,0.0,0.0,0.0
2025-07-16 03:30:00,387.1,387.1,387.1,0.0,0.0,0.0,0.0,0.0,0.0,600.0,0.0,0.0,0.0,0.0,0.0,0.0,0.0
2025-07-16 03:45:00,364.4,364.4,364.4,0.0,0.0,0.0,0.0,0.0,0.0,600.0,0.0,0.0,0.0,0.0,0.0,0.0,0.0
2025-07-16 04:00:00,372.5,372.5,372.5,0.0,0.0,0.0,0.0,0.0,0.0,600.0,0.0,0.0,0.0,0.0,0.0,0.0,0.0
2025-07-16 04:15:00,375.3,375.3,375.3,0.0,0.0,0.0,0.0,0.0,0.0,600.0,0.0,0.0,0.0,0.0,0.0,0.0,0.0
2025-07-16 04:30:00,373.2,373.2,373.2,0.0,0.0,0.0,0.0,0.0,0.0,600.0,0.0,0.0,0.0,0.0,0.0,0.0,0.0
2025-07-16 04:45:00,385.8,385.8,385.8,0.0,0.0,0.0,0.0,0.0,0.0,600.0,0.0,0.0,0.0,0.0,0.0,0.0,0.0
2025-07-16 05:00:00,368.1,368.1,368.1,0.0,0.0,0.0,0.0,0.0,0.0,600.0,0.0,0.0,0.0,0.0,0.0,0.0,0.0
2025-07-16 05:15:00,385.1,385.1,385.1,0.0,0.0,0.0,0.0,0.0,0.0,600.0,0.0,0.0,0.0,0.0,0.0,0.0,0.0
2025-07-16 05:30:00,376.0,376.0,376.0,0.0,0.0,0.0,0.0,0.0,0.0,600.0,0.0,0.0,0.0,0.0,0.0,0.0,0.0
2025-07-16 05:45:00,382.1,382.1,375.70000000000005,0.0,6.4,6.4,0.0,0.0,0.0,600.0,0.0,0.0,0.0,0.0,0.0,0.0,0.0
2025-07-16 06:00:00,405.9,405.9,389.7,0.0,16.2,16.2,0.0,0.0,0.0,600.0,0.0,0.0,0.0,0.0,0.0,0.0,0.0
2025-07-16 06:15:00,419.0,419.0,391.1,0.0,27.9,27.9,0.0,0.0,0.0,600.0,0.0,0.0,0.0,0.0,0.0,0.0,0.0
2025-07-16 06:30:00,425.8,425.8,384.90000000000003,0.0,40.9,40.9,0.0,0.0,0.0,600.0,0.0,0.0,0.0,0.0,0.0,0.0,0.0
2025-07-16 06:45:00,437.1,437.1,400.20000000000005,0.0,54.9,54.9,0.0,0.0,0.0,600.0,18.0,0.0,18.0,0.0,0.0,0.0,0.0
2025-07-16 07:00:00,458.4,458.4,406.7,0.0,69.7,69.7,0.0,0.0,0.0,600.0,18.0,0.0,18.0,0.0,0.0,0.0,0.0
2025-07-16 07:15:00,484.9,484.9,425.0,0.0,84.9,84.9,0.0,0.0,0.0,600.0,25.0,0.0,25.0,0.0,0.0,0.0,0.0
2025-07-16 07:30:00,503.5,503.5,435.0,0.0,100.5,100.5,0.0,0.0,0.0,600.0,32.0,0.0,32.0,0.0,0.0,0.0,0.0
2025-07-16 07:45:00,527.0,527.0,442.7,0.0,116.3,116.3,0.0,0.0,0.0,600.0,32.0,0.0,32.0,0.0,0.0,0.0,0.0
2025-07-16 08:00:00,543.8,543.8,454.0157894736841,0.0,132.1,132.1,0.0,0.0,0.0,600.0,42.31578947368422,0.0,42.31578947368422,0.0,0.0,0.0,0.0
2025-07-16 08:15:00,562.5,562.5,471.17368421052635,0.0,147.8,147.8,0.0,0.0,0.0,600.0,56.47368421052631,0.0,56.47368421052631,0.0,0.0,0.0,0.0
2025-07-16 08:30:00,573.8,573.8,471.59999999999997,0.0,163.2,163.2,0.0,0.0,0.0,600.0,61.000000000000014,0.0,61.000000000000014,0.0,0.0,0.0,0.0
2025-07-16 08:45:00,606.3,606.3,484.99999999999994,0.0,178.3,178.3,0.0,0.0,0.0,600.0,57.0,0.0,57.0,0.0,0.0,0.0,0.0
2025-07-16 09:00:00,621.6,621.6,492.70000000000005,0.0,192.9,192.9,0.0,0.0,0.0,600.0,64.0,0.0,64.0,0.0,0.0,0.0,0.0
2025-07-16 09:15:00,626.4,626.4,504.5,0.0,206.9,206.9,0.0,0.0,0.0,600.0,85.0,0.0,85.0,0.0,0.0,0.0,0.0
2025-07-16 09:30:00,634.5,634.5,502.2947368421053,0.0,220.1,220.1,0.0,0.0,0.0,600.0,87.89473684210527,0.0,87.89473684210527,0.0,0.0,0.0,0.0
2025-07-16 09:45:00,643.4,643.4,495.79999999999995,0.0,232.6,232.6,0.0,0.0,0.0,600.0,85.0,0.0,85.0,0.0,0.0,0.0,0.0
2025-07-16 10:00:00,665.3,665.3,506.19999999999993,0.0,244.1,244.1,0.0,0.0,0.0,600.0,85.0,0.0,85.0,0.0,0.0,0.0,0.0
2025-07-16 10:15:00,653.9,653.9,495.2,0.0,254.7,254.7,0.0,0.0,0.0,600.0,96.0,0.0,96.0,0.0,0.0,0.0,0.0
2025-07-16 10:30:00,674.9,674.9,491.7526315789474,0.0,264.2,264.2,0.0,0.0,0.0,600.0,81.05263157894737,0.0,81.05263157894737,0.0,0.0,0.0,0.0
2025-07-16 10:45:00,686.5,686.5,479.7421052631579,0.0,272.6,272.6,0.0,0.0,0.0,600.0,65.8421052631579,0.0,65.8421052631579,0.0,0.0,0.0,0.0
2025-07-16 11:00:00,684.5,684.5,581.8105263157895,0.0,153.9,153.9,0.0,0.0,0.0,600.0,51.210526315789465,0.0,51.210526315789465,0.0,0.0,0.0,0.0
2025-07-16 11:15:00,699.9,699.9,588.8,0.0,157.1,157.1,0.0,0.0,0.0,600.0,46.0,0.0,46.0,0.0,0.0,0.0,0.0
2025-07-16 11:30:00,710.1,710.1,576.4526315789474,0.0,159.7,159.7,0.0,0.0,0.0,600.0,26.05263157894738,0.0,26.05263157894738,0.0,0.0,0.0,0.0
2025-07-16 11:45:00,718.9,718.9,577.7736842105263,0.0,161.6,161.6,0.0,0.0,0.0,600.0,20.47368421052633,0.0,20.47368421052633,0.0,0.0,0.0,0.0
2025-07-16 12:00:00,686.0,686.0,537.3,0.0,162.7,162.7,0.0,0.0,0.0,600.0,14.0,0.0,14.0,0.0,0.0,0.0,0.0
2025-07-16 12:15:00,680.8,680.8,531.8,0.0,163.0,163.0,0.0,0.0,0.0,600.0,14.0,0.0,14.0,0.0,0.0,0.0,0.0
2025-07-16 12:30:00,663.8,663.8,512.836842105263,0.0,162.7,162.7,0.0,0.0,0.0,600.0,11.736842105263134,0.0,11.736842105263134,0.0,0.0,0.0,0.0
2025-07-16 12:45:00,660.9,660.9,506.29999999999995,0.0,161.6,161.6,0.0,0.0,0.0,600.0,7.0,0.0,7.0,0.0,0.0,0.0,0.0
2025-07-16 13:00:00,648.8,648.8,496.09999999999997,0.0,159.7,159.7,0.0,0.0,0.0,600.0,7.0,0.0,7.0,0.0,0.0,0.0,0.0
2025-07-16 13:15:00,662.0,662.0,505.7421052631579,0.0,157.1,157.1,0.0,0.0,0.0,600.0,0.8421052631578899,0.0,0.8421052631578899,0.0,0.0,0.0,0.0
2025-07-16 13:30:00,664.7,664.7,510.80000000000007,0.0,153.9,153.9,0.0,0.0,0.0,600.0,0.0,0.0,0.0,0.0,0.0,0.0,0.0
2025-07-16 13:45:00,658.5,658.5,508.6,0.0,149.9,149.9,0.0,0.0,0.0,600.0,0.0,0.0,0.0,0.0,0.0,0.0,0.0
2025-07-16 14:00:00,694.5,694.5,549.2,0.0,145.3,145.3,0.0,0.0,0.0,600.0,0.0,0.0,0.0,0.0,0.0,0.0,0.0
2025-07-16 14:15:00,717.5,717.5,462.8,0.0,254.7,254.7,0.0,0.0,0.0,600.0,0.0,0.0,0.0,0.0,0.0,0.0,0.0
2025-07-16 14:30:00,722.3,722.3,478.19999999999993,0.0,244.1,244.1,0.0,0.0,0.0,600.0,0.0,0.0,0.0,0.0,0.0,0.0,0.0
2025-07-16 14:45:00,730.8,730.8,498.19999999999993,0.0,232.6,232.6,0.0,0.0,0.0,600.0,0.0,0.0,0.0,0.0,0.0,0.0,0.0
2025-07-16 15:00:00,733.6,733.6,513.5,0.0,220.1,220.1,0.0,0.0,0.0,600.0,0.0,0.0,0.0,0.0,0.0,0.0,0.0
2025-07-16 15:15:00,742.3,742.3,535.4,0.0,206.9,206.9,0.0,0.0,0.0,600.0,0.0,0.0,0.0,0.0,0.0,0.0,0.0
2025-07-16 15:30:00,727.2,727.2,534.3000000000001,0.0,192.9,192.9,0.0,0.0,0.0,600.0,0.0,0.0,0.0,0.0,0.0,0.0,0.0
2025-07-16 15:45:00,739.9,739.9,561.5999999999999,0.0,178.3,178.3,0.0,0.0,0.0,600.0,0.0,0.0,0.0,0.0,0.0,0.0,0.0
2025-07-16 16:00:00,744.0,744.0,580.8,0.0,163.2,163.2,0.0,0.0,0.0,600.0,0.0,0.0,0.0,0.0,0.0,0.0,0.0
2025-07-16 16:15:00,728.5,728.5,580.7,0.0,147.8,147.8,0.0,0.0,0.0,600.0,0.0,0.0,0.0,0.0,0.0,0.0,0.0
2025-07-16 16:30:00,743.4,743.4,611.3,0.0,132.1,132.1,0.0,0.0,0.0,600.0,0.0,0.0,0.0,0.0,0.0,0.0,0.0
2025-07-16 16:45:00,731.3,731.3,615.0,0.0,116.3,116.3,0.0,0.0,0.0,600.0,0.0,0.0,0.0,0.0,0.0,0.0,0.0
2025-07-16 17:00:00,721.0,721.0,620.5,0.0,100.5,100.5,0.0,0.0,0.0,600.0,0.0,0.0,0.0,0.0,0.0,0.0,0.0
2025-07-16 17:15:00,709.7,709.7,624.8000000000001,0.0,84.9,84.9,0.0,0.0,0.0,600.0,0.0,0.0,0.0,0.0,0.0,0.0,0.0
2025-07-16 17:30:00,673.1,673.1,603.4,0.0,69.7,69.7,0.0,0.0,0.0,600.0,0.0,0.0,0.0,0.0,0.0,0.0,0.0
2025-07-16 17:45:00,649.1,649.1,594.2,0.0,54.9,54.9,0.0,0.0,0.0,600.0,0.0,0.0,0.0,0.0,0.0,0.0,0.0
2025-07-16 18:00:00,633.9,633.9,593.0,0.0,40.9,40.9,0.0,0.0,0.0,600.0,0.0,0.0,0.0,0.0,0.0,0.0,0.0
2025-07-16 18:15:00,605.3,605.3,577.4,0.0,27.9,27.9,0.0,0.0,0.0,600.0,0.0,0.0,0.0,0.0,0.0,0.0,0.0
2025-07-16 18:30:00,590.3,590.3,574.0999999999999,0.0,16.2,16.2,0.0,0.0,0.0,600.0,0.0,0.0,0.0,0.0,0.0,0.0,0.0
2025-07-16 18:45:00,585.5,585.5,579.1,0.0,6.4,6.4,0.0,0.0,0.0,600.0,0.0,0.0,0.0,0.0,0.0,0.0,0.0
2025-07-16 19:00:00,568.4,568.4,568.4,0.0,0.0,0.0,0.0,0.0,0.0,600.0,0.0,0.0,0.0,0.0,0.0,0.0,0.0
2025-07-16 19:15:00,558.0,558.0,558.0,0.0,0.0,0.0,0.0,0.0,0.0,600.0,0.0,0.0,0.0,0.0,0.0,0.0,0.0
2025-07-16 19:30:00,542.1,542.1,542.1,0.0,0.0,0.0,0.0,0.0,0.0,600.0,0.0,0.0,0.0,0.0,0.0,0.0,0.0
2025-07-16 19:45:00,533.9,533.9,533.9,0.0,0.0,0.0,0.0,0.0,0.0,600.0,0.0,0.0,0.0,0.0,0.0,0.0,0.0
2025-07-16 20:00:00,481.8,481.8,481.8,0.0,0.0,0.0,0.0,0.0,0.0,600.0,0.0,0.0,0.0,0.0,0.0,0.0,0.0
2025-07-16 20:15:00,483.2,483.2,483.2,0.0,0.0,0.0,0.0,0.0,0.0,600.0,0.0,0.0,0.0,0.0,0.0,0.0,0.0
2025-07-16 20:30:00,468.0,468.0,468.0,0.0,0.0,0.0,0.0,0.0,0.0,600.0,0.0,0.0,0.0,0.0,0.0,0.0,0.0
2025-07-16 20:45:00,464.9,464.9,464.9,0.0,0.0,0.0,0.0,0.0,0.0,600.0,0.0,0.0,0.0,0.0,0.0,0.0,0.0
2025-07-16 21:00:00,455.6,455.6,455.6,0.0,0.0,0.0,0.0,0.0,0.0,600.0,0.0,0.0,0.0,0.0,0.0,0.0,0.0
2025-07-16 21:15:00,454.2,454.2,454.2,0.0,0.0,0.0,0.0,0.0,0.0,600.0,0.0,0.0,0.0,0.0,0.0,0.0,0.0
2025-07-16 21:30:00,448.9,448.9,448.9,0.0,0.0,0.0,0.0,0.0,0.0,600.0,0.0,0.0,0.0,0.0,0.0,0.0,0.0
2025-07-16 21:45:00,447.3,447.3,447.3,0.0,0.0,0.0,0.0,0.0,0.0,600.0,0.0,0.0,0.0,0.0,0.0,0.0,0.0
2025-07-16 22:00:00,430.5,430.5,430.5,0.0,0.0,0.0,0.0,0.0,0.0,600.0,0.0,0.0,0.0,0.0,0.0,0.0,0.0
2025-07-16 22:15:00,417.1,417.1,417.1,0.0,0.0,0.0,0.0,0.0,0.0,600.0,0.0,0.0,0.0,0.0,0.0,0.0,0.0
2025-07-16 22:30:00,418.8,418.8,418.8,0.0,0.0,0.0,0.0,0.0,0.0,600.0,0.0,0.0,0.0,0.0,0.0,0.0,0.0
2025-07-16 22:45:00,417.2,417.2,417.2,0.0,0.0,0.0,0.0,0.0,0.0,600.0,0.0,0.0,0.0,0.0,0.0,0.0,0.0
2025-07-16 23:00:00,410.5,410.5,410.5,0.0,0.0,0.0,0.0,0.0,0.0,600.0,0.0,0.0,0.0,0.0,0.0,0.0,0.0
2025-07-16 23:15:00,412.4,412.4,412.4,0.0,0.0,0.0,0.0,0.0,0.0,600.0,0.0,0.0,0.0,0.0,0.0,0.0,0.0
2025-07-16 23:30:00,395.8,395.8,395.8,0.0,0.0,0.0,0.0,0.0,0.0,600.0,0.0,0.0,0.0,0.0,0.0,0.0,0.0
2025-07-16 23:45:00,390.2,390.2,390.2,0.0,0.0,0.0,0.0,0.0,0.0,600.0,0.0,0.0,0.0,0.0,0.0,0.0,0.0
2025-07-17 00:00:00,380.9,380.9,380.9,0.0,0.0,0.0,0.0,0.0,0.0,600.0,0.0,0.0,0.0,0.0,0.0,0.0,0.0
2025-07-17 00:15:00,387.9,387.9,387.9,0.0,0.0,0.0,0.0,0.0,0.0,600.0,0.0,0.0,0.0,0.0,0.0,0.0,0.0
2025-07-17 00:30:00,372.3,372.3,372.3,0.0,0.0,0.0,0.0,0.0,0.0,600.0,0.0,0.0,0.0,0.0,0.0,0.0,0.0
2025-07-17 00:45:00,393.4,393.4,393.4,0.0,0.0,0.0,0.0,0.0,0.0,600.0,0.0,0.0,0.0,0.0,0.0,0.0,0.0
2025-07-17 01:00:00,383.1,383.1,383.1,0.0,0.0,0.0,0.0,0.0,0.0,600.0,0.0,0.0,0.0,0.0,0.0,0.0,0.0
2025-07-17 01:15:00,370.1,370.1,370.1,0.0,0.0,0.0,0.0,0.0,0.0,600.0,0.0,0.0,0.0,0.0,0.0,0.0,0.0
2025-07-17 01:30:00,366.4,366.4,366.4,0.0,0.0,0.0,0.0,0.0,0.0,600.0,0.0,0.0,0.0,0.0,0.0,0.0,0.0
2025-07-17 01:45:00,380.4,380.4,380.4,0.0,0.0,0.0,0.0,0.0,0.0,600.0,0.0,0.0,0.0,0.0,0.0,0.0,0.0
2025-07-17 02:00:00,373.2,373.2,373.2,0.0,0.0,0.0,0.0,0.0,0.0,600.0,0.0,0.0,0.0,0.0,0.0,0.0,0.0
2025-07-17 02:15:00,367.7,367.7,367.7,0.0,0.0,0.0,0.0,0.0,0.0,600.0,0.0,0.0,0.0,0.0,0.0,0.0,0.0
2025-07-17 02:30:00,369.6,369.6,369.6,0.0,0.0,0.0,0.0,0.0,0.0,600.0,0.0,0.0,0.0,0.0,0.0,0.0,0.0
2025-07-17 02:45:00,382.4,382.4,382.4,0.0,0.0,0.0,0.0,0.0,0.0,600.0,0.0,0.0,0.0,0.0,0.0,0.0,0.0
2025-07-17 03:00:00,375.5,375.5,375.5,0.0,0.0,0.0,0.0,0.0,0.0,600.0,0.0,0.0,0.0,0.0,0.0,0.0,0.0
2025-07-17 03:15:00,369.7,369.7,369.7,0.0,0.0,0.0,0.0,0.0,0.0,600.0,0.0,0.0,0.0,0.0,0.0,0.0,0.0
2025-07-17 03:30:00,373.7,373.7,373.7,0.0,0.0,0.0,0.0,0.0,0.0,600.0,0.0,0.0,0.0,0.0,0.0,0.0,0.0
2025-07-17 03:45:00,380.8,380.8,380.8,0.0,0.0,0.0,0.0,0.0,0.0,600.0,0.0,0.0,0.0,0.0,0.0,0.0,0.0
2025-07-17 04:00:00,378.4,378.4,378.4,0.0,0.0,0.0,0.0,0.0,0.0,600.0,0.0,0.0,0.0,0.0,0.0,0.0,0.0
2025-07-17 04:15:00,380.6,380.6,380.6,0.0,0.0,0.0,0.0,0.0,0.0,600.0,0.0,0.0,0.0,0.0,0.0,0.0,0.0
2025-07-17 04:30:00,374.3,374.3,374.3,0.0,0.0,0.0,0.0,0.0,0.0,600.0,0.0,0.0,0.0,0.0,0.0,0.0,0.0
2025-07-17 04:45:00,376.9,376.9,376.9,0.0,0.0,0.0,0.0,0.0,0.0,600.0,0.0,0.0,0.0,0.0,0.0,0.0,0.0
2025-07-17 05:00:00,386.2,386.2,386.2,0.0,0.0,0.0,0.0,0.0,0.0,600.0,0.0,0.0,0.0,0.0,0.0,0.0,0.0
2025-07-17 05:15:00,380.5,380.5,380.5,0.0,0.0,0.0,0.0,0.0,0.0,600.0,0.0,0.0,0.0,0.0,0.0,0.0,0.0
2025-07-17 05:30:00,368.2,368.2,368.2,0.0,0.0,0.0,0.0,0.0,0.0,600.0,0.0,0.0,0.0,0.0,0.0,0.0,0.0
2025-07-17 05:45:00,368.0,368.0,358.5,0.0,9.5,9.5,0.0,0.0,0.0,600.0,0.0,0.0,0.0,0.0,0.0,0.0,0.0
2025-07-17 06:00:00,402.9,402.9,378.79999999999995,0.0,24.1,24.1,0.0,0.0,0.0,600.0,0.0,0.0,0.0,0.0,0.0,0.0,0.0
2025-07-17 06:15:00,418.3,418.3,376.7,0.0,41.6,41.6,0.0,0.0,0.0,600.0,0.0,0.0,0.0,0.0,0.0,0.0,0.0
2025-07-17 06:30:00,424.0,424.0,363.0,0.0,61.0,61.0,0.0,0.0,0.0,600.0,0.0,0.0,0.0,0.0,0.0,0.0,0.0
2025-07-17 06:45:00,435.2,435.2,360.29999999999995,0.0,81.9,81.9,0.0,0.0,0.0,600.0,7.0,0.0,7.0,0.0,0.0,0.0,0.0
2025-07-17 07:00:00,450.9,450.9,365.09999999999997,0.0,103.8,103.8,0.0,0.0,0.0,600.0,18.0,0.0,18.0,0.0,0.0,0.0,0.0
2025-07-17 07:15:00,488.9,488.9,380.29999999999995,0.0,126.6,126.6,0.0,0.0,0.0,600.0,18.0,0.0,18.0,0.0,0.0,0.0,0.0
2025-07-17 07:30:00,499.4,499.4,374.5,0.0,149.9,149.9,0.0,0.0,0.0,600.0,25.0,0.0,25.0,0.0,0.0,0.0,0.0
2025-07-17 07:45:00,527.5,527.5,397.1,0.0,173.4,173.4,0.0,0.0,0.0,600.0,43.0,0.0,43.0,0.0,0.0,0.0,0.0
2025-07-17 08:00:00,554.5,554.5,414.5,0.0,197.0,197.0,0.0,0.0,0.0,600.0,57.0,0.0,57.0,0.0,0.0,0.0,0.0
2025-07-17 08:15:00,551.2,551.2,441.80000000000007,0.0,220.4,220.4,0.0,0.0,0.0,600.0,111.0,0.0,111.0,0.0,0.0,0.0,0.0
2025-07-17 08:30:00,582.6,582.6,454.4631578947369,0.0,243.4,243.4,0.0,0.0,0.0,600.0,115.26315789473684,0.0,115.26315789473684,0.0,0.0,0.0,0.0
2025-07-17 08:45:00,607.8,607.8,463.9,0.0,265.9,265.9,0.0,0.0,0.0,600.0,122.0,0.0,122.0,0.0,0.0,0.0,0.0
2025-07-17 09:00:00,626.4,626.4,488.4842105263157,0.0,287.6,287.6,0.0,0.0,0.0,600.0,149.68421052631578,0.0,149.68421052631578,0.0,0.0,0.0,0.0
2025-07-17 09:15:00,631.8,631.8,452.87368421052633,0.0,308.4,308.4,0.0,0.0,0.0,600.0,129.47368421052636,0.0,129.47368421052636,0.0,0.0,0.0,0.0
2025-07-17 09:30:00,642.7,642.7,454.50000000000006,0.0,328.2,328.2,0.0,0.0,0.0,600.0,140.0,0.0,140.0,0.0,0.0,0.0,0.0
2025-07-17 09:45:00,663.0,663.0,446.8842105263158,0.0,346.8,346.8,0.0,0.0,0.0,600.0,130.68421052631578,0.0,130.68421052631578,0.0,0.0,0.0,0.0
2025-07-17 10:00:00,668.5,668.5,428.6052631578948,0.0,364.0,364.0,0.0,0.0,0.0,600.0,124.10526315789475,0.0,124.10526315789475,0.0,0.0,0.0,0.0
2025-07-17 10:15:00,666.5,666.5,407.8,0.0,379.7,379.7,0.0,0.0,0.0,600.0,121.0,0.0,121.0,0.0,0.0,0.0,0.0
2025-07-17 10:30:00,687.5,687.5,392.021052631579,0.0,393.9,393.9,0.0,0.0,0.0,600.0,98.42105263157895,0.0,98.42105263157895,0.0,0.0,0.0,0.0
2025-07-17 10:45:00,679.7,679.7,366.30000000000007,0.0,406.4,406.4,0.0,0.0,0.0,600.0,93.0,0.0,93.0,0.0,0.0,0.0,0.0
2025-07-17 11:00:00,709.7,709.7,368.6526315789474,0.0,417.1,417.1,0.0,0.0,0.0,600.0,76.05263157894737,0.0,76.05263157894737,0.0,0.0,0.0,0.0
2025-07-17 11:15:00,712.2,712.2,350.20000000000005,0.0,426.0,426.0,0.0,0.0,0.0,600.0,64.0,0.0,64.0,0.0,0.0,0.0,0.0
2025-07-17 11:30:00,709.0,709.0,332.88947368421054,0.0,432.9,432.9,0.0,0.0,0.0,600.0,56.78947368421052,0.0,56.78947368421052,0.0,0.0,0.0,0.0
2025-07-17 11:45:00,726.1,726.1,333.3105263157895,0.0,438.0,438.0,0.0,0.0,0.0,600.0,45.21052631578947,0.0,45.21052631578947,0.0,0.0,0.0,0.0
2025-07-17 12:00:00,670.8,670.8,259.1684210526315,0.0,441.0,441.0,0.0,0.0,0.0,600.0,29.368421052631593,0.0,29.368421052631593,0.0,0.0,0.0,0.0
2025-07-17 12:15:00,664.5,664.5,243.5,0.0,442.0,442.0,0.0,0.0,0.0,600.0,21.0,0.0,21.0,0.0,0.0,0.0,0.0
2025-07-17 12:30:00,673.4,673.4,253.39999999999998,0.0,441.0,441.0,0.0,0.0,0.0,600.0,21.0,0.0,21.0,0.0,0.0,0.0,0.0
2025-07-17 12:45:00,669.4,669.4,252.39999999999998,0.0,438.0,438.0,0.0,0.0,0.0,600.0,21.0,0.0,21.0,0.0,0.0,0.0,0.0
2025-07-17 13:00:00,673.7,673.7,260.2210526315789,0.0,432.9,432.9,0.0,0.0,0.0,600.0,19.42105263157888,0.0,19.42105263157888,0.0,0.0,0.0,0.0
2025-07-17 13:15:00,671.2,671.2,252.20000000000005,0.0,426.0,426.0,0.0,0.0,0.0,600.0,7.0,0.0,7.0,0.0,0.0,0.0,0.0
2025-07-17 13:30:00,666.4,666.4,249.8263157894736,0.0,417.1,417.1,0.0,0.0,0.0,600.0,0.5263157894736374,0.0,0.5263157894736374,0.0,0.0,0.0,0.0
2025-07-17 13:45:00,667.8,667.8,261.4,0.0,406.4,406.4,0.0,0.0,0.0,600.0,0.0,0.0,0.0,0.0,0.0,0.0,0.0
2025-07-17 14:00:00,716.3,716.3,440.59999999999997,0.0,275.7,275.7,0.0,0.0,0.0,600.0,0.0,0.0,0.0,0.0,0.0,0.0,0.0
2025-07-17 14:15:00,727.3,727.3,461.49999999999994,0.0,265.8,265.8,0.0,0.0,0.0,600.0,0.0,0.0,0.0,0.0,0.0,0.0,0.0
2025-07-17 14:30:00,738.5,738.5,483.7,0.0,254.8,254.8,0.0,0.0,0.0,600.0,0.0,0.0,0.0,0.0,0.0,0.0,0.0
2025-07-17 14:45:00,725.9,725.9,483.2,0.0,242.7,242.7,0.0,0.0,0.0,600.0,0.0,0.0,0.0,0.0,0.0,0.0,0.0
2025-07-17 15:00:00,739.2,739.2,509.50000000000006,0.0,229.7,229.7,0.0,0.0,0.0,600.0,0.0,0.0,0.0,0.0,0.0,0.0,0.0
2025-07-17 15:15:00,732.2,732.2,423.80000000000007,0.0,308.4,308.4,0.0,0.0,0.0,600.0,0.0,0.0,0.0,0.0,0.0,0.0,0.0
2025-07-17 15:30:00,746.4,746.4,458.79999999999995,0.0,287.6,287.6,0.0,0.0,0.0,600.0,0.0,0.0,0.0,0.0,0.0,0.0,0.0
2025-07-17 15:45:00,739.9,739.9,474.0,0.0,265.9,265.9,0.0,0.0,0.0,600.0,0.0,0.0,0.0,0.0,0.0,0.0,0.0
2025-07-17 16:00:00,750.0,750.0,506.6,0.0,243.4,243.4,0.0,0.0,0.0,600.0,0.0,0.0,0.0,0.0,0.0,0.0,0.0
2025-07-17 16:15:00,754.6,754.6,534.2,0.0,220.4,220.4,0.0,0.0,0.0,600.0,0.0,0.0,0.0,0.0,0.0,0.0,0.0
2025-07-17 16:30:00,755.7,755.7,558.7,0.0,197.0,197.0,0.0,0.0,0.0,600.0,0.0,0.0,0.0,0.0,0.0,0.0,0.0
2025-07-17 16:45:00,747.0,747.0,573.6,0.0,173.4,173.4,0.0,0.0,0.0,600.0,0.0,0.0,0.0,0.0,0.0,0.0,0.0
2025-07-17 17:00:00,715.3,715.3,565.4,0.0,149.9,149.9,0.0,0.0,0.0,600.0,0.0,0.0,0.0,0.0,0.0,0.0,0.0
2025-07-17 17:15:00,718.4,718.4,591.8,0.0,126.6,126.6,0.0,0.0,0.0,600.0,0.0,0.0,0.0,0.0,0.0,0.0,0.0
2025-07-17 17:30:00,673.1,673.1,569.3000000000001,0.0,103.8,103.8,0.0,0.0,0.0,600.0,0.0,0.0,0.0,0.0,0.0,0.0,0.0
2025-07-17 17:45:00,669.4,669.4,587.5,0.0,81.9,81.9,0.0,0.0,0.0,600.0,0.0,0.0,0.0,0.0,0.0,0.0,0.0
2025-07-17 18:00:00,639.8,639.8,578.8,0.0,61.0,61.0,0.0,0.0,0.0,600.0,0.0,0.0,0.0,0.0,0.0,0.0,0.0
2025-07-17 18:15:00,619.4,619.4,577.8,0.0,41.6,41.6,0.0,0.0,0.0,600.0,0.0,0.0,0.0,0.0,0.0,0.0,0.0
2025-07-17 18:30:00,618.1,618.1,594.0,0.0,24.1,24.1,0.0,0.0,0.0,600.0,0.0,0.0,0.0,0.0,0.0,0.0,0.0
2025-07-17 18:45:00,601.3,601.3,591.8,0.0,9.5,9.5,0.0,0.0,0.0,600.0,0.0,0.0,0.0,0.0,0.0,0.0,0.0
2025-07-17 19:00:00,590.4,590.4,590.4,0.0,0.0,0.0,0.0,0.0,0.0,600.0,0.0,0.0,0.0,0.0,0.0,0.0,0.0
2025-07-17 19:15:00,554.1,554.1,554.1,0.0,0.0,0.0,0.0,0.0,0.0,600.0,0.0,0.0,0.0,0.0,0.0,0.0,0.0
2025-07-17 19:30:00,558.0,558.0,558.0,0.0,0.0,0.0,0.0,0.0,0.0,600.0,0.0,0.0,0.0,0.0,0.0,0.0,0.0
2025-07-17 19:45:00,534.9,534.9,534.9,0.0,0.0,0.0,0.0,0.0,0.0,600.0,0.0,0.0,0.0,0.0,0.0,0.0,0.0
2025-07-17 20:00:00,489.6,489.6,489.6,0.0,0.0,0.0,0.0,0.0,0.0,600.0,0.0,0.0,0.0,0.0,0.0,0.0,0.0
2025-07-17 20:15:00,480.6,480.6,480.6,0.0,0.0,0.0,0.0,0.0,0.0,600.0,0.0,0.0,0.0,0.0,0.0,0.0,0.0
2025-07-17 20:30:00,486.5,486.5,486.5,0.0,0.0,0.0,0.0,0.0,0.0,600.0,0.0,0.0,0.0,0.0,0.0,0.0,0.0
2025-07-17 20:45:00,463.2,463.2,463.2,0.0,0.0,0.0,0.0,0.0,0.0,600.0,0.0,0.0,0.0,0.0,0.0,0.0,0.0
2025-07-17 21:00:00,468.8,468.8,468.8,0.0,0.0,0.0,0.0,0.0,0.0,600.0,0.0,0.0,0.0,0.0,0.0,0.0,0.0
2025-07-17 21:15:00,469.6,469.6,469.6,0.0,0.0,0.0,0.0,0.0,0.0,600.0,0.0,0.0,0.0,0.0,0.0,0.0,0.0
2025-07-17 21:30:00,468.9,468.9,468.9,0.0,0.0,0.0,0.0,0.0,0.0,600.0,0.0,0.0,0.0,0.0,0.0,0.0,0.0
2025-07-17 21:45:00,439.5,439.5,439.5,0.0,0.0,0.0,0.0,0.0,0.0,600.0,0.0,0.0,0.0,0.0,0.0,0.0,0.0
2025-07-17 22:00:00,434.2,434.2,434.2,0.0,0.0,0.0,0.0,0.0,0.0,600.0,0.0,0.0,0.0,0.0,0.0,0.0,0.0
2025-07-17 22:15:00,424.8,424.8,424.8,0.0,0.0,0.0,0.0,0.0,0.0,600.0,0.0,0.0,0.0,0.0,0.0,0.0,0.0
2025-07-17 22:30:00,408.9,408.9,408.9,0.0,0.0,0.0,0.0,0.0,0.0,600.0,0.0,0.0,0.0,0.0,0.0,0.0,0.0
2025-07-17 22:45:00,422.6,422.6,422.6,0.0,0.0,0.0,0.0,0.0,0.0,600.0,0.0,0.0,0.0,0.0,0.0,0.0,0.0
2025-07-17 23:00:00,411.9,411.9,411.9,0.0,0.0,0.0,0.0,0.0,0.0,600.0,0.0,0.0,0.0,0.0,0.0,0.0,0.0
2025-07-17 23:15:00,426.8,426.8,426.8,0.0,0.0,0.0,0.0,0.0,0.0,600.0,0.0,0.0,0.0,0.0,0.0,0.0,0.0
2025-07-17 23:30:00,396.5,396.5,396.5,0.0,0.0,0.0,0.0,0.0,0.0,600.0,0.0,0.0,0.0,0.0,0.0,0.0,0.0
2025-07-17 23:45:00,397.3,397.3,397.3,0.0,0.0,0.0,0.0,0.0,0.0,600.0,0.0,0.0,0.0,0.0,0.0,0.0,0.0
2025-07-18 00:00:00,361.9,361.9,361.9,0.0,0.0,0.0,0.0,0.0,0.0,600.0,0.0,0.0,0.0,0.0,0.0,0.0,0.0
2025-07-18 00:15:00,391.0,391.0,391.0,0.0,0.0,0.0,0.0,0.0,0.0,600.0,0.0,0.0,0.0,0.0,0.0,0.0,0.0
2025-07-18 00:30:00,373.4,373.4,373.4,0.0,0.0,0.0,0.0,0.0,0.0,600.0,0.0,0.0,0.0,0.0,0.0,0.0,0.0
2025-07-18 00:45:00,380.2,380.2,380.2,0.0,0.0,0.0,0.0,0.0,0.0,600.0,0.0,0.0,0.0,0.0,0.0,0.0,0.0
2025-07-18 01:00:00,371.7,371.7,371.7,0.0,0.0,0.0,0.0,0.0,0.0,600.0,0.0,0.0,0.0,0.0,0.0,0.0,0.0
2025-07-18 01:15:00,378.8,378.8,378.8,0.0,0.0,0.0,0.0,0.0,0.0,600.0,0.0,0.0,0.0,0.0,0.0,0.0,0.0
2025-07-18 01:30:00,362.5,362.5,362.5,0.0,0.0,0.0,0.0,0.0,0.0,600.0,0.0,0.0,0.0,0.0,0.0,0.0,0.0
2025-07-18 01:45:00,375.8,375.8,375.8,0.0,0.0,0.0,0.0,0.0,0.0,600.0,0.0,0.0,0.0,0.0,0.0,0.0,0.0
2025-07-18 02:00:00,373.1,373.1,373.1,0.0,0.0,0.0,0.0,0.0,0.0,600.0,0.0,0.0,0.0,0.0,0.0,0.0,0.0
2025-07-18 02:15:00,371.8,371.8,371.8,0.0,0.0,0.0,0.0,0.0,0.0,600.0,0.0,0.0,0.0,0.0,0.0,0.0,0.0
2025-07-18 02:30:00,373.6,373.6,373.6,0.0,0.0,0.0,0.0,0.0,0.0,600.0,0.0,0.0,0.0,0.0,0.0,0.0,0.0
2025-07-18 02:45:00,374.7,374.7,374.7,0.0,0.0,0.0,0.0,0.0,0.0,600.0,0.0,0.0,0.0,0.0,0.0,0.0,0.0
2025-07-18 03:00:00,377.6,377.6,377.6,0.0,0.0,0.0,0.0,0.0,0.0,600.0,0.0,0.0,0.0,0.0,0.0,0.0,0.0
2025-07-18 03:15:00,361.2,361.2,361.2,0.0,0.0,0.0,0.0,0.0,0.0,600.0,0.0,0.0,0.0,0.0,0.0,0.0,0.0
2025-07-18 03:30:00,363.8,363.8,363.8,0.0,0.0,0.0,0.0,0.0,0.0,600.0,0.0,0.0,0.0,0.0,0.0,0.0,0.0
2025-07-18 03:45:00,381.1,381.1,381.1,0.0,0.0,0.0,0.0,0.0,0.0,600.0,0.0,0.0,0.0,0.0,0.0,0.0,0.0
2025-07-18 04:00:00,374.9,374.9,374.9,0.0,0.0,0.0,0.0,0.0,0.0,600.0,0.0,0.0,0.0,0.0,0.0,0.0,0.0
2025-07-18 04:15:00,376.7,376.7,376.7,0.0,0.0,0.0,0.0,0.0,0.0,600.0,0.0,0.0,0.0,0.0,0.0,0.0,0.0
2025-07-18 04:30:00,367.8,367.8,367.8,0.0,0.0,0.0,0.0,0.0,0.0,600.0,0.0,0.0,0.0,0.0,0.0,0.0,0.0
2025-07-18 04:45:00,383.7,383.7,383.7,0.0,0.0,0.0,0.0,0.0,0.0,600.0,0.0,0.0,0.0,0.0,0.0,0.0,0.0
2025-07-18 05:00:00,373.5,373.5,373.5,0.0,0.0,0.0,0.0,0.0,0.0,600.0,0.0,0.0,0.0,0.0,0.0,0.0,0.0
2025-07-18 05:15:00,372.5,372.5,372.5,0.0,0.0,0.0,0.0,0.0,0.0,600.0,0.0,0.0,0.0,0.0,0.0,0.0,0.0
2025-07-18 05:30:00,384.3,384.3,384.3,0.0,0.0,0.0,0.0,0.0,0.0,600.0,0.0,0.0,0.0,0.0,0.0,0.0,0.0
2025-07-18 05:45:00,380.4,380.4,369.09999999999997,0.0,11.3,11.3,0.0,0.0,0.0,600.0,0.0,0.0,0.0,0.0,0.0,0.0,0.0
2025-07-18 06:00:00,408.4,408.4,379.5,0.0,28.9,28.9,0.0,0.0,0.0,600.0,0.0,0.0,0.0,0.0,0.0,0.0,0.0
2025-07-18 06:15:00,425.8,425.8,376.1,0.0,49.7,49.7,0.0,0.0,0.0,600.0,0.0,0.0,0.0,0.0,0.0,0.0,0.0
2025-07-18 06:30:00,436.9,436.9,364.0,0.0,72.9,72.9,0.0,0.0,0.0,600.0,0.0,0.0,0.0,0.0,0.0,0.0,0.0
2025-07-18 06:45:00,442.6,442.6,344.8,0.0,97.8,97.8,0.0,0.0,0.0,600.0,0.0,0.0,0.0,0.0,0.0,0.0,0.0
2025-07-18 07:00:00,488.3,488.3,375.20000000000005,0.0,124.1,124.1,0.0,0.0,0.0,600.0,11.0,0.0,11.0,0.0,0.0,0.0,0.0
2025-07-18 07:15:00,490.1,490.1,349.8,0.0,151.3,151.3,0.0,0.0,0.0,600.0,11.0,0.0,11.0,0.0,0.0,0.0,0.0
2025-07-18 07:30:00,514.5,514.5,346.4,0.0,179.1,179.1,0.0,0.0,0.0,600.0,11.0,0.0,11.0,0.0,0.0,0.0,0.0
2025-07-18 07:45:00,522.2,522.2,326.00000000000006,0.0,207.2,207.2,0.0,0.0,0.0,600.0,11.0,0.0,11.0,0.0,0.0,0.0,0.0
2025-07-18 08:00:00,558.7,558.7,352.30000000000007,0.0,235.4,235.4,0.0,0.0,0.0,600.0,29.0,0.0,29.0,0.0,0.0,0.0,0.0
2025-07-18 08:15:00,582.3,582.3,354.9,0.0,263.4,263.4,0.0,0.0,0.0,600.0,36.0,0.0,36.0,0.0,0.0,0.0,0.0
2025-07-18 08:30:00,600.3,600.3,367.2947368421052,0.0,290.9,290.9,0.0,0.0,0.0,600.0,57.894736842105246,0.0,57.894736842105246,0.0,0.0,0.0,0.0
2025-07-18 08:45:00,631.0,631.0,367.3,0.0,317.7,317.7,0.0,0.0,0.0,600.0,54.0,0.0,54.0,0.0,0.0,0.0,0.0
2025-07-18 09:00:00,632.5,632.5,364.8,0.0,343.7,343.7,0.0,0.0,0.0,600.0,76.0,0.0,76.0,0.0,0.0,0.0,0.0
2025-07-18 09:15:00,644.9,644.9,373.29999999999995,0.0,368.6,368.6,0.0,0.0,0.0,600.0,97.0,0.0,97.0,0.0,0.0,0.0,0.0
2025-07-18 09:30:00,658.4,658.4,370.2,0.0,392.2,392.2,0.0,0.0,0.0,600.0,104.0,0.0,104.0,0.0,0.0,0.0,0.0
2025-07-18 09:45:00,671.8,671.8,361.76842105263154,0.0,414.4,414.4,0.0,0.0,0.0,600.0,104.36842105263159,0.0,104.36842105263159,0.0,0.0,0.0,0.0
2025-07-18 10:00:00,674.9,674.9,350.9,0.0,435.0,435.0,0.0,0.0,0.0,600.0,111.0,0.0,111.0,0.0,0.0,0.0,0.0
2025-07-18 10:15:00,697.4,697.4,345.59999999999997,0.0,453.8,453.8,0.0,0.0,0.0,600.0,102.0,0.0,102.0,0.0,0.0,0.0,0.0
2025-07-18 10:30:00,706.3,706.3,317.9210526315789,0.0,470.8,470.8,0.0,0.0,0.0,600.0,82.42105263157896,0.0,82.42105263157896,0.0,0.0,0.0,0.0
2025-07-18 10:45:00,706.0,706.0,284.3,0.0,485.7,485.7,0.0,0.0,0.0,600.0,64.0,0.0,64.0,0.0,0.0,0.0,0.0
2025-07-18 11:00:00,705.8,705.8,271.29999999999995,0.0,498.5,498.5,0.0,0.0,0.0,600.0,64.0,0.0,64.0,0.0,0.0,0.0,0.0
2025-07-18 11:15:00,724.1,724.1,286.7368421052631,0.0,509.1,509.1,0.0,0.0,0.0,600.0,71.73684210526314,0.0,71.73684210526314,0.0,0.0,0.0,0.0
2025-07-18 11:30:00,732.7,732.7,278.7736842105264,0.0,517.4,517.4,0.0,0.0,0.0,600.0,63.47368421052633,0.0,63.47368421052633,0.0,0.0,0.0,0.0
2025-07-18 11:45:00,733.3,733.3,266.5315789473684,0.0,523.4,523.4,0.0,0.0,0.0,600.0,56.63157894736844,0.0,56.63157894736844,0.0,0.0,0.0,0.0
2025-07-18 12:00:00,702.5,702.5,225.02631578947364,0.0,527.0,527.0,0.0,0.0,0.0,600.0,49.526315789473685,0.0,49.526315789473685,0.0,0.0,0.0,0.0
2025-07-18 12:15:00,691.9,691.9,202.69999999999993,0.0,528.2,528.2,0.0,0.0,0.0,600.0,39.0,0.0,39.0,0.0,0.0,0.0,0.0
2025-07-18 12:30:00,693.7,693.7,205.70000000000005,0.0,527.0,527.0,0.0,0.0,0.0,600.0,39.0,0.0,39.0,0.0,0.0,0.0,0.0
2025-07-18 12:45:00,692.0,692.0,207.60000000000002,0.0,523.4,523.4,0.0,0.0,0.0,600.0,39.0,0.0,39.0,0.0,0.0,0.0,0.0
2025-07-18 13:00:00,690.5,690.5,208.67894736842106,0.0,517.4,517.4,0.0,0.0,0.0,600.0,35.578947368421,0.0,35.578947368421,0.0,0.0,0.0,0.0
2025-07-18 13:15:00,676.5,676.5,186.55789473684206,0.0,509.1,509.1,0.0,0.0,0.0,600.0,19.157894736842096,0.0,19.157894736842096,0.0,0.0,0.0,0.0
2025-07-18 13:30:00,677.0,677.0,189.5,0.0,498.5,498.5,0.0,0.0,0.0,600.0,11.0,0.0,11.0,0.0,0.0,0.0,0.0
2025-07-18 13:45:00,700.3,700.3,225.59999999999997,0.0,485.7,485.7,0.0,0.0,0.0,600.0,11.0,0.0,11.0,0.0,0.0,0.0,0.0
2025-07-18 14:00:00,728.8,728.8,268.99999999999994,0.0,470.8,470.8,0.0,0.0,0.0,600.0,11.0,0.0,11.0,0.0,0.0,0.0,0.0
2025-07-18 14:15:00,736.7,736.7,293.90000000000003,0.0,453.8,453.8,0.0,0.0,0.0,600.0,11.0,0.0,11.0,0.0,0.0,0.0,0.0
2025-07-18 14:30:00,744.1,744.1,318.521052631579,0.0,435.0,435.0,0.0,0.0,0.0,600.0,9.421052631578947,0.0,9.421052631578947,0.0,0.0,0.0,0.0
2025-07-18 14:45:00,732.1,732.1,317.70000000000005,0.0,414.4,414.4,0.0,0.0,0.0,600.0,0.0,0.0,0.0,0.0,0.0,0.0,0.0
2025-07-18 15:00:00,739.1,739.1,346.90000000000003,0.0,392.2,392.2,0.0,0.0,0.0,600.0,0.0,0.0,0.0,0.0,0.0,0.0,0.0
2025-07-18 15:15:00,738.9,738.9,370.29999999999995,0.0,368.6,368.6,0.0,0.0,0.0,600.0,0.0,0.0,0.0,0.0,0.0,0.0,0.0
2025-07-18 15:30:00,743.1,743.1,399.40000000000003,0.0,343.7,343.7,0.0,0.0,0.0,600.0,0.0,0.0,0.0,0.0,0.0,0.0,0.0
2025-07-18 15:45:00,752.2,752.2,434.50000000000006,0.0,317.7,317.7,0.0,0.0,0.0,600.0,0.0,0.0,0.0,0.0,0.0,0.0,0.0
2025-07-18 16:00:00,757.4,757.4,466.5,0.0,290.9,290.9,0.0,0.0,0.0,600.0,0.0,0.0,0.0,0.0,0.0,0.0,0.0
2025-07-18 16:15:00,758.6,758.6,495.20000000000005,0.0,263.4,263.4,0.0,0.0,0.0,600.0,0.0,0.0,0.0,0.0,0.0,0.0,0.0
2025-07-18 16:30:00,756.1,756.1,520.7,0.0,235.4,235.4,0.0,0.0,0.0,600.0,0.0,0.0,0.0,0.0,0.0,0.0,0.0
2025-07-18 16:45:00,748.2,748.2,541.0,0.0,207.2,207.2,0.0,0.0,0.0,600.0,0.0,0.0,0.0,0.0,0.0,0.0,0.0
2025-07-18 17:00:00,728.6,728.6,549.5,0.0,179.1,179.1,0.0,0.0,0.0,600.0,0.0,0.0,0.0,0.0,0.0,0.0,0.0
2025-07-18 17:15:00,734.0,734.0,582.7,0.0,151.3,151.3,0.0,0.0,0.0,600.0,0.0,0.0,0.0,0.0,0.0,0.0,0.0
2025-07-18 17:30:00,670.8,670.8,546.6999999999999,0.0,124.1,124.1,0.0,0.0,0.0,600.0,0.0,0.0,0.0,0.0,0.0,0.0,0.0
2025-07-18 17:45:00,668.6,668.6,570.8000000000001,0.0,97.8,97.8,0.0,0.0,0.0,600.0,0.0,0.0,0.0,0.0,0.0,0.0,0.0
2025-07-18 18:00:00,649.5,649.5,576.6,0.0,72.9,72.9,0.0,0.0,0.0,600.0,0.0,0.0,0.0,0.0,0.0,0.0,0.0
2025-07-18 18:15:00,638.1,638.1,588.4,0.0,49.7,49.7,0.0,0.0,0.0,600.0,0.0,0.0,0.0,0.0,0.0,0.0,0.0
2025-07-18 18:30:00,622.2,622.2,593.3000000000001,0.0,28.9,28.9,0.0,0.0,0.0,600.0,0.0,0.0,0.0,0.0,0.0,0.0,0.0
2025-07-18 18:45:00,600.9,600.9,589.6,0.0,11.3,11.3,0.0,0.0,0.0,600.0,0.0,0.0,0.0,0.0,0.0,0.0,0.0
2025-07-18 19:00:00,580.1,580.1,580.1,0.0,0.0,0.0,0.0,0.0,0.0,600.0,0.0,0.0,0.0,0.0,0.0,0.0,0.0
2025-07-18 19:15:00,575.9,575.9,575.9,0.0,0.0,0.0,0.0,0.0,0.0,600.0,0.0,0.0,0.0,0.0,0.0,0.0,0.0
2025-07-18 19:30:00,567.9,567.9,567.9,0.0,0.0,0.0,0.0,0.0,0.0,600.0,0.0,0.0,0.0,0.0,0.0,0.0,0.0
2025-07-18 19:45:00,548.3,548.3,548.3,0.0,0.0,0.0,0.0,0.0,0.0,600.0,0.0,0.0,0.0,0.0,0.0,0.0,0.0
2025-07-18 20:00:00,510.7,510.7,510.7,0.0,0.0,0.0,0.0,0.0,0.0,600.0,0.0,0.0,0.0,0.0,0.0,0.0,0.0
2025-07-18 20:15:00,499.2,499.2,499.2,0.0,0.0,0.0,0.0,0.0,0.0,600.0,0.0,0.0,0.0,0.0,0.0,0.0,0.0
2025-07-18 20:30:00,497.1,497.1,497.1,0.0,0.0,0.0,0.0,0.0,0.0,600.0,0.0,0.0,0.0,0.0,0.0,0.0,0.0
2025-07-18 20:45:00,472.2,472.2,472.2,0.0,0.0,0.0,0.0,0.0,0.0,600.0,0.0,0.0,0.0,0.0,0.0,0.0,0.0
2025-07-18 21:00:00,489.5,489.5,489.5,0.0,0.0,0.0,0.0,0.0,0.0,600.0,0.0,0.0,0.0,0.0,0.0,0.0,0.0
2025-07-18 21:15:00,456.1,456.1,456.1,0.0,0.0,0.0,0.0,0.0,0.0,600.0,0.0,0.0,0.0,0.0,0.0,0.0,0.0
2025-07-18 21:30:00,464.6,464.6,464.6,0.0,0.0,0.0,0.0,0.0,0.0,600.0,0.0,0.0,0.0,0.0,0.0,0.0,0.0
2025-07-18 21:45:00,454.0,454.0,454.0,0.0,0.0,0.0,0.0,0.0,0.0,600.0,0.0,0.0,0.0,0.0,0.0,0.0,0.0
2025-07-18 22:00:00,443.9,443.9,443.9,0.0,0.0,0.0,0.0,0.0,0.0,600.0,0.0,0.0,0.0,0.0,0.0,0.0,0.0
2025-07-18 22:15:00,434.0,434.0,434.0,0.0,0.0,0.0,0.0,0.0,0.0,600.0,0.0,0.0,0.0,0.0,0.0,0.0,0.0
2025-07-18 22:30:00,439.7,439.7,439.7,0.0,0.0,0.0,0.0,0.0,0.0,600.0,0.0,0.0,0.0,0.0,0.0,0.0,0.0
2025-07-18 22:45:00,435.1,435.1,435.1,0.0,0.0,0.0,0.0,0.0,0.0,600.0,0.0,0.0,0.0,0.0,0.0,0.0,0.0
2025-07-18 23:00:00,412.2,412.2,412.2,0.0,0.0,0.0,0.0,0.0,0.0,600.0,0.0,0.0,0.0,0.0,0.0,0.0,0.0
2025-07-18 23:15:00,428.9,428.9,428.9,0.0,0.0,0.0,0.0,0.0,0.0,600.0,0.0,0.0,0.0,0.0,0.0,0.0,0.0
2025-07-18 23:30:00,405.8,405.8,405.8,0.0,0.0,0.0,0.0,0.0,0.0,600.0,0.0,0.0,0.0,0.0,0.0,0.0,0.0
2025-07-18 23:45:00,403.2,403.2,403.2,0.0,0.0,0.0,0.0,0.0,0.0,600.0,0.0,0.0,0.0,0.0,0.0,0.0,0.0
2025-07-19 00:00:00,333.3,333.3,333.3,0.0,0.0,0.0,0.0,0.0,0.0,600.0,0.0,0.0,0.0,0.0,0.0,0.0,0.0
2025-07-19 00:15:00,320.3,320.3,320.3,0.0,0.0,0.0,0.0,0.0,0.0,600.0,0.0,0.0,0.0,0.0,0.0,0.0,0.0
2025-07-19 00:30:00,338.8,338.8,338.8,0.0,0.0,0.0,0.0,0.0,0.0,600.0,0.0,0.0,0.0,0.0,0.0,0.0,0.0
2025-07-19 00:45:00,343.3,343.3,343.3,0.0,0.0,0.0,0.0,0.0,0.0,600.0,0.0,0.0,0.0,0.0,0.0,0.0,0.0
2025-07-19 01:00:00,342.6,342.6,342.6,0.0,0.0,0.0,0.0,0.0,0.0,600.0,0.0,0.0,0.0,0.0,0.0,0.0,0.0
2025-07-19 01:15:00,333.7,333.7,333.7,0.0,0.0,0.0,0.0,0.0,0.0,600.0,0.0,0.0,0.0,0.0,0.0,0.0,0.0
2025-07-19 01:30:00,335.3,335.3,335.3,0.0,0.0,0.0,0.0,0.0,0.0,600.0,0.0,0.0,0.0,0.0,0.0,0.0,0.0
2025-07-19 01:45:00,329.7,329.7,329.7,0.0,0.0,0.0,0.0,0.0,0.0,600.0,0.0,0.0,0.0,0.0,0.0,0.0,0.0
2025-07-19 02:00:00,333.5,333.5,333.5,0.0,0.0,0.0,0.0,0.0,0.0,600.0,0.0,0.0,0.0,0.0,0.0,0.0,0.0
2025-07-19 02:15:00,353.5,353.5,353.5,0.0,0.0,0.0,0.0,0.0,0.0,600.0,0.0,0.0,0.0,0.0,0.0,0.0,0.0
2025-07-19 02:30:00,340.7,340.7,340.7,0.0,0.0,0.0,0.0,0.0,0.0,600.0,0.0,0.0,0.0,0.0,0.0,0.0,0.0
2025-07-19 02:45:00,333.9,333.9,333.9,0.0,0.0,0.0,0.0,0.0,0.0,600.0,0.0,0.0,0.0,0.0,0.0,0.0,0.0
2025-07-19 03:00:00,333.7,333.7,333.7,0.0,0.0,0.0,0.0,0.0,0.0,600.0,0.0,0.0,0.0,0.0,0.0,0.0,0.0
2025-07-19 03:15:00,334.5,334.5,334.5,0.0,0.0,0.0,0.0,0.0,0.0,600.0,0.0,0.0,0.0,0.0,0.0,0.0,0.0
2025-07-19 03:30:00,336.1,336.1,336.1,0.0,0.0,0.0,0.0,0.0,0.0,600.0,0.0,0.0,0.0,0.0,0.0,0.0,0.0
2025-07-19 03:45:00,328.9,328.9,328.9,0.0,0.0,0.0,0.0,0.0,0.0,600.0,0.0,0.0,0.0,0.0,0.0,0.0,0.0
2025-07-19 04:00:00,342.2,342.2,342.2,0.0,0.0,0.0,0.0,0.0,0.0,600.0,0.0,0.0,0.0,0.0,0.0,0.0,0.0
2025-07-19 04:15:00,343.0,343.0,343.0,0.0,0.0,0.0,0.0,0.0,0.0,600.0,0.0,0.0,0.0,0.0,0.0,0.0,0.0
2025-07-19 04:30:00,342.8,342.8,342.8,0.0,0.0,0.0,0.0,0.0,0.0,600.0,0.0,0.0,0.0,0.0,0.0,0.0,0.0
2025-07-19 04:45:00,328.4,328.4,328.4,0.0,0.0,0.0,0.0,0.0,0.0,600.0,0.0,0.0,0.0,0.0,0.0,0.0,0.0
2025-07-19 05:00:00,329.5,329.5,329.5,0.0,0.0,0.0,0.0,0.0,0.0,600.0,0.0,0.0,0.0,0.0,0.0,0.0,0.0
2025-07-19 05:15:00,333.4,333.4,333.4,0.0,0.0,0.0,0.0,0.0,0.0,600.0,0.0,0.0,0.0,0.0,0.0,0.0,0.0
2025-07-19 05:30:00,328.5,328.5,328.5,0.0,0.0,0.0,0.0,0.0,0.0,600.0,0.0,0.0,0.0,0.0,0.0,0.0,0.0
2025-07-19 05:45:00,334.8,334.8,326.1,0.0,8.7,8.7,0.0,0.0,0.0,600.0,0.0,0.0,0.0,0.0,0.0,0.0,0.0
2025-07-19 06:00:00,327.1,327.1,305.0,0.0,22.1,22.1,0.0,0.0,0.0,600.0,0.0,0.0,0.0,0.0,0.0,0.0,0.0
2025-07-19 06:15:00,341.0,341.0,303.0,0.0,38.0,38.0,0.0,0.0,0.0,600.0,0.0,0.0,0.0,0.0,0.0,0.0,0.0
2025-07-19 06:30:00,348.5,348.5,292.7,0.0,55.8,55.8,0.0,0.0,0.0,600.0,0.0,0.0,0.0,0.0,0.0,0.0,0.0
2025-07-19 06:45:00,338.9,338.9,264.0,0.0,74.9,74.9,0.0,0.0,0.0,600.0,0.0,0.0,0.0,0.0,0.0,0.0,0.0
2025-07-19 07:00:00,369.5,369.5,274.5,0.0,95.0,95.0,0.0,0.0,0.0,600.0,0.0,0.0,0.0,0.0,0.0,0.0,0.0
2025-07-19 07:15:00,352.5,352.5,236.7,0.0,115.8,115.8,0.0,0.0,0.0,600.0,0.0,0.0,0.0,0.0,0.0,0.0,0.0
2025-07-19 07:30:00,358.8,358.8,221.70000000000002,0.0,137.1,137.1,0.0,0.0,0.0,600.0,0.0,0.0,0.0,0.0,0.0,0.0,0.0
2025-07-19 07:45:00,373.1,373.1,214.50000000000003,0.0,158.6,158.6,0.0,0.0,0.0,600.0,0.0,0.0,0.0,0.0,0.0,0.0,0.0
2025-07-19 08:00:00,424.1,424.1,244.00000000000003,0.0,180.1,180.1,0.0,0.0,0.0,600.0,0.0,0.0,0.0,0.0,0.0,0.0,0.0
2025-07-19 08:15:00,418.4,418.4,216.89999999999998,0.0,201.5,201.5,0.0,0.0,0.0,600.0,0.0,0.0,0.0,0.0,0.0,0.0,0.0
2025-07-19 08:30:00,442.7,442.7,220.1,0.0,222.6,222.6,0.0,0.0,0.0,600.0,0.0,0.0,0.0,0.0,0.0,0.0,0.0
2025-07-19 08:45:00,451.0,451.0,207.8,0.0,243.2,243.2,0.0,0.0,0.0,600.0,0.0,0.0,0.0,0.0,0.0,0.0,0.0
2025-07-19 09:00:00,440.9,440.9,177.89999999999998,0.0,263.0,263.0,0.0,0.0,0.0,600.0,0.0,0.0,0.0,0.0,0.0,0.0,0.0
2025-07-19 09:15:00,480.0,480.0,197.89999999999998,0.0,282.1,282.1,0.0,0.0,0.0,600.0,0.0,0.0,0.0,0.0,0.0,0.0,0.0
2025-07-19 09:30:00,467.8,467.8,167.60000000000002,0.0,300.2,300.2,0.0,0.0,0.0,600.0,0.0,0.0,0.0,0.0,0.0,0.0,0.0
2025-07-19 09:45:00,483.5,483.5,173.3,0.0,317.2,317.2,0.0,0.0,0.0,600.0,7.0,0.0,7.0,0.0,0.0,0.0,0.0
2025-07-19 10:00:00,468.6,468.6,142.70000000000005,0.0,332.9,332.9,0.0,0.0,0.0,600.0,7.0,0.0,7.0,0.0,0.0,0.0,0.0
2025-07-19 10:15:00,476.2,476.2,142.89999999999998,0.0,347.3,347.3,0.0,0.0,0.0,600.0,14.0,0.0,14.0,0.0,0.0,0.0,0.0
2025-07-19 10:30:00,498.3,498.3,151.99999999999994,0.0,360.3,360.3,0.0,0.0,0.0,600.0,14.0,0.0,14.0,0.0,0.0,0.0,0.0
2025-07-19 10:45:00,499.5,499.5,141.8,0.0,371.7,371.7,0.0,0.0,0.0,600.0,14.0,0.0,14.0,0.0,0.0,0.0,0.0
2025-07-19 11:00:00,494.7,494.7,127.19999999999999,0.0,381.5,381.5,0.0,0.0,0.0,600.0,14.0,0.0,14.0,0.0,0.0,0.0,0.0
2025-07-19 11:15:00,503.6,503.6,128.0,0.0,389.6,389.6,0.0,0.0,0.0,600.0,14.0,0.0,14.0,0.0,0.0,0.0,0.0
2025-07-19 11:30:00,511.4,511.4,134.61052631578946,0.0,396.0,396.0,0.0,0.0,0.0,600.0,19.210526315789487,0.0,19.210526315789487,0.0,0.0,0.0,0.0
2025-07-19 11:45:00,513.8,513.8,131.19999999999993,0.0,400.6,400.6,0.0,0.0,0.0,600.0,18.0,0.0,18.0,0.0,0.0,0.0,0.0
2025-07-19 12:00:00,518.0,518.0,146.7,0.0,403.3,403.3,0.0,0.0,0.0,600.0,32.0,0.0,32.0,0.0,0.0,0.0,0.0
2025-07-19 12:15:00,505.1,505.1,139.90000000000003,0.0,404.2,404.2,0.0,0.0,0.0,600.0,39.0,0.0,39.0,0.0,0.0,0.0,0.0
2025-07-19 12:30:00,537.0,537.0,172.7,0.0,403.3,403.3,0.0,0.0,0.0,600.0,39.0,0.0,39.0,0.0,0.0,0.0,0.0
2025-07-19 12:45:00,528.9,528.9,161.35263157894735,0.0,400.6,400.6,0.0,0.0,0.0,600.0,33.05263157894737,0.0,33.05263157894737,0.0,0.0,0.0,0.0
2025-07-19 13:00:00,539.1,539.1,175.10000000000002,0.0,396.0,396.0,0.0,0.0,0.0,600.0,32.0,0.0,32.0,0.0,0.0,0.0,0.0
2025-07-19 13:15:00,534.7,534.7,172.99473684210534,0.0,389.6,389.6,0.0,0.0,0.0,600.0,27.89473684210527,0.0,27.89473684210527,0.0,0.0,0.0,0.0
2025-07-19 13:30:00,530.9,530.9,174.39999999999998,0.0,381.5,381.5,0.0,0.0,0.0,600.0,25.0,0.0,25.0,0.0,0.0,0.0,0.0
2025-07-19 13:45:00,538.3,538.3,191.59999999999997,0.0,371.7,371.7,0.0,0.0,0.0,600.0,25.0,0.0,25.0,0.0,0.0,0.0,0.0
2025-07-19 14:00:00,531.2,531.2,184.95263157894743,0.0,360.3,360.3,0.0,0.0,0.0,600.0,14.052631578947352,0.0,14.052631578947352,0.0,0.0,0.0,0.0
2025-07-19 14:15:00,533.8,533.8,193.49999999999994,0.0,347.3,347.3,0.0,0.0,0.0,600.0,7.0,0.0,7.0,0.0,0.0,0.0,0.0
2025-07-19 14:30:00,529.1,529.1,203.20000000000005,0.0,332.9,332.9,0.0,0.0,0.0,600.0,7.0,0.0,7.0,0.0,0.0,0.0,0.0
2025-07-19 14:45:00,541.0,541.0,230.8,0.0,317.2,317.2,0.0,0.0,0.0,600.0,7.0,0.0,7.0,0.0,0.0,0.0,0.0
2025-07-19 15:00:00,537.3,537.3,244.09999999999997,0.0,300.2,300.2,0.0,0.0,0.0,600.0,7.0,0.0,7.0,0.0,0.0,0.0,0.0
2025-07-19 15:15:00,526.2,526.2,244.73157894736846,0.0,282.1,282.1,0.0,0.0,0.0,600.0,0.6315789473684282,0.0,0.6315789473684282,0.0,0.0,0.0,0.0
2025-07-19 15:30:00,536.3,536.3,273.29999999999995,0.0,263.0,263.0,0.0,0.0,0.0,600.0,0.0,0.0,0.0,0.0,0.0,0.0,0.0
2025-07-19 15:45:00,529.7,529.7,286.50000000000006,0.0,243.2,243.2,0.0,0.0,0.0,600.0,0.0,0.0,0.0,0.0,0.0,0.0,0.0
2025-07-19 16:00:00,530.6,530.6,308.0,0.0,222.6,222.6,0.0,0.0,0.0,600.0,0.0,0.0,0.0,0.0,0.0,0.0,0.0
2025-07-19 16:15:00,523.2,523.2,321.70000000000005,0.0,201.5,201.5,0.0,0.0,0.0,600.0,0.0,0.0,0.0,0.0,0.0,0.0,0.0
2025-07-19 16:30:00,509.2,509.2,329.1,0.0,180.1,180.1,0.0,0.0,0.0,600.0,0.0,0.0,0.0,0.0,0.0,0.0,0.0
2025-07-19 16:45:00,509.1,509.1,350.5,0.0,158.6,158.6,0.0,0.0,0.0,600.0,0.0,0.0,0.0,0.0,0.0,0.0,0.0
2025-07-19 17:00:00,496.2,496.2,359.1,0.0,137.1,137.1,0.0,0.0,0.0,600.0,0.0,0.0,0.0,0.0,0.0,0.0,0.0
2025-07-19 17:15:00,490.3,490.3,374.5,0.0,115.8,115.8,0.0,0.0,0.0,600.0,0.0,0.0,0.0,0.0,0.0,0.0,0.0
2025-07-19 17:30:00,490.3,490.3,395.3,0.0,95.0,95.0,0.0,0.0,0.0,600.0,0.0,0.0,0.0,0.0,0.0,0.0,0.0
2025-07-19 17:45:00,486.6,486.6,411.70000000000005,0.0,74.9,74.9,0.0,0.0,0.0,600.0,0.0,0.0,0.0,0.0,0.0,0.0,0.0
2025-07-19 18:00:00,443.1,443.1,387.3,0.0,55.8,55.8,0.0,0.0,0.0,600.0,0.0,0.0,0.0,0.0,0.0,0.0,0.0
2025-07-19 18:15:00,443.6,443.6,405.6,0.0,38.0,38.0,0.0,0.0,0.0,600.0,0.0,0.0,0.0,0.0,0.0,0.0,0.0
2025-07-19 18:30:00,447.0,447.0,424.9,0.0,22.1,22.1,0.0,0.0,0.0,600.0,0.0,0.0,0.0,0.0,0.0,0.0,0.0
2025-07-19 18:45:00,433.3,433.3,424.6,0.0,8.7,8.7,0.0,0.0,0.0,600.0,0.0,0.0,0.0,0.0,0.0,0.0,0.0
2025-07-19 19:00:00,437.1,437.1,437.1,0.0,0.0,0.0,0.0,0.0,0.0,600.0,0.0,0.0,0.0,0.0,0.0,0.0,0.0
2025-07-19 19:15:00,420.0,420.0,420.0,0.0,0.0,0.0,0.0,0.0,0.0,600.0,0.0,0.0,0.0,0.0,0.0,0.0,0.0
2025-07-19 19:30:00,410.9,410.9,410.9,0.0,0.0,0.0,0.0,0.0,0.0,600.0,0.0,0.0,0.0,0.0,0.0,0.0,0.0
2025-07-19 19:45:00,408.7,408.7,408.7,0.0,0.0,0.0,0.0,0.0,0.0,600.0,0.0,0.0,0.0,0.0,0.0,0.0,0.0
2025-07-19 20:00:00,414.8,414.8,414.8,0.0,0.0,0.0,0.0,0.0,0.0,600.0,0.0,0.0,0.0,0.0,0.0,0.0,0.0
2025-07-19 20:15:00,398.7,398.7,398.7,0.0,0.0,0.0,0.0,0.0,0.0,600.0,0.0,0.0,0.0,0.0,0.0,0.0,0.0
2025-07-19 20:30:00,402.4,402.4,402.4,0.0,0.0,0.0,0.0,0.0,0.0,600.0,0.0,0.0,0.0,0.0,0.0,0.0,0.0
2025-07-19 20:45:00,379.5,379.5,379.5,0.0,0.0,0.0,0.0,0.0,0.0,600.0,0.0,0.0,0.0,0.0,0.0,0.0,0.0
2025-07-19 21:00:00,360.0,360.0,360.0,0.0,0.0,0.0,0.0,0.0,0.0,600.0,0.0,0.0,0.0,0.0,0.0,0.0,0.0
2025-07-19 21:15:00,373.3,373.3,373.3,0.0,0.0,0.0,0.0,0.0,0.0,600.0,0.0,0.0,0.0,0.0,0.0,0.0,0.0
2025-07-19 21:30:00,362.7,362.7,362.7,0.0,0.0,0.0,0.0,0.0,0.0,600.0,0.0,0.0,0.0,0.0,0.0,0.0,0.0
2025-07-19 21:45:00,358.0,358.0,358.0,0.0,0.0,0.0,0.0,0.0,0.0,600.0,0.0,0.0,0.0,0.0,0.0,0.0,0.0
2025-07-19 22:00:00,330.2,330.2,330.2,0.0,0.0,0.0,0.0,0.0,0.0,600.0,0.0,0.0,0.0,0.0,0.0,0.0,0.0
2025-07-19 22:15:00,340.0,340.0,340.0,0.0,0.0,0.0,0.0,0.0,0.0,600.0,0.0,0.0,0.0,0.0,0.0,0.0,0.0
2025-07-19 22:30:00,328.4,328.4,328.4,0.0,0.0,0.0,0.0,0.0,0.0,600.0,0.0,0.0,0.0,0.0,0.0,0.0,0.0
2025-07-19 22:45:00,334.0,334.0,334.0,0.0,0.0,0.0,0.0,0.0,0.0,600.0,0.0,0.0,0.0,0.0,0.0,0.0,0.0
2025-07-19 23:00:00,342.5,342.5,342.5,0.0,0.0,0.0,0.0,0.0,0.0,600.0,0.0,0.0,0.0,0.0,0.0,0.0,0.0
2025-07-19 23:15:00,318.5,318.5,318.5,0.0,0.0,0.0,0.0,0.0,0.0,600.0,0.0,0.0,0.0,0.0,0.0,0.0,0.0
2025-07-19 23:30:00,327.7,327.7,327.7,0.0,0.0,0.0,0.0,0.0,0.0,600.0,0.0,0.0,0.0,0.0,0.0,0.0,0.0
2025-07-19 23:45:00,318.0,318.0,318.0,0.0,0.0,0.0,0.0,0.0,0.0,600.0,0.0,0.0,0.0,0.0,0.0,0.0,0.0
2025-07-20 00:00:00,350.2,350.2,350.2,0.0,0.0,0.0,0.0,0.0,0.0,600.0,0.0,0.0,0.0,0.0,0.0,0.0,0.0
2025-07-20 00:15:00,342.3,342.3,342.3,0.0,0.0,0.0,0.0,0.0,0.0,600.0,0.0,0.0,0.0,0.0,0.0,0.0,0.0
2025-07-20 00:30:00,341.6,341.6,341.6,0.0,0.0,0.0,0.0,0.0,0.0,600.0,0.0,0.0,0.0,0.0,0.0,0.0,0.0
2025-07-20 00:45:00,326.4,326.4,326.4,0.0,0.0,0.0,0.0,0.0,0.0,600.0,0.0,0.0,0.0,0.0,0.0,0.0,0.0
2025-07-20 01:00:00,345.4,345.4,345.4,0.0,0.0,0.0,0.0,0.0,0.0,600.0,0.0,0.0,0.0,0.0,0.0,0.0,0.0
2025-07-20 01:15:00,331.1,331.1,331.1,0.0,0.0,0.0,0.0,0.0,0.0,600.0,0.0,0.0,0.0,0.0,0.0,0.0,0.0
2025-07-20 01:30:00,336.7,336.7,336.7,0.0,0.0,0.0,0.0,0.0,0.0,600.0,0.0,0.0,0.0,0.0,0.0,0.0,0.0
2025-07-20 01:45:00,339.7,339.7,339.7,0.0,0.0,0.0,0.0,0.0,0.0,600.0,0.0,0.0,0.0,0.0,0.0,0.0,0.0
2025-07-20 02:00:00,333.3,333.3,333.3,0.0,0.0,0.0,0.0,0.0,0.0,600.0,0.0,0.0,0.0,0.0,0.0,0.0,0.0
2025-07-20 02:15:00,337.6,337.6,337.6,0.0,0.0,0.0,0.0,0.0,0.0,600.0,0.0,0.0,0.0,0.0,0.0,0.0,0.0
2025-07-20 02:30:00,334.4,334.4,334.4,0.0,0.0,0.0,0.0,0.0,0.0,600.0,0.0,0.0,0.0,0.0,0.0,0.0,0.0
2025-07-20 02:45:00,340.6,340.6,340.6,0.0,0.0,0.0,0.0,0.0,0.0,600.0,0.0,0.0,0.0,0.0,0.0,0.0,0.0
2025-07-20 03:00:00,336.4,336.4,336.4,0.0,0.0,0.0,0.0,0.0,0.0,600.0,0.0,0.0,0.0,0.0,0.0,0.0,0.0
2025-07-20 03:15:00,327.9,327.9,327.9,0.0,0.0,0.0,0.0,0.0,0.0,600.0,0.0,0.0,0.0,0.0,0.0,0.0,0.0
2025-07-20 03:30:00,325.3,325.3,325.3,0.0,0.0,0.0,0.0,0.0,0.0,600.0,0.0,0.0,0.0,0.0,0.0,0.0,0.0
2025-07-20 03:45:00,333.3,333.3,333.3,0.0,0.0,0.0,0.0,0.0,0.0,600.0,0.0,0.0,0.0,0.0,0.0,0.0,0.0
2025-07-20 04:00:00,337.5,337.5,337.5,0.0,0.0,0.0,0.0,0.0,0.0,600.0,0.0,0.0,0.0,0.0,0.0,0.0,0.0
2025-07-20 04:15:00,346.9,346.9,346.9,0.0,0.0,0.0,0.0,0.0,0.0,600.0,0.0,0.0,0.0,0.0,0.0,0.0,0.0
2025-07-20 04:30:00,328.4,328.4,328.4,0.0,0.0,0.0,0.0,0.0,0.0,600.0,0.0,0.0,0.0,0.0,0.0,0.0,0.0
2025-07-20 04:45:00,332.7,332.7,332.7,0.0,0.0,0.0,0.0,0.0,0.0,600.0,0.0,0.0,0.0,0.0,0.0,0.0,0.0
2025-07-20 05:00:00,328.0,328.0,328.0,0.0,0.0,0.0,0.0,0.0,0.0,600.0,0.0,0.0,0.0,0.0,0.0,0.0,0.0
2025-07-20 05:15:00,327.1,327.1,327.1,0.0,0.0,0.0,0.0,0.0,0.0,600.0,0.0,0.0,0.0,0.0,0.0,0.0,0.0
2025-07-20 05:30:00,327.6,327.6,327.6,0.0,0.0,0.0,0.0,0.0,0.0,600.0,0.0,0.0,0.0,0.0,0.0,0.0,0.0
2025-07-20 05:45:00,332.2,332.2,324.09999999999997,0.0,8.1,8.1,0.0,0.0,0.0,600.0,0.0,0.0,0.0,0.0,0.0,0.0,0.0
2025-07-20 06:00:00,332.2,332.2,311.59999999999997,0.0,20.6,20.6,0.0,0.0,0.0,600.0,0.0,0.0,0.0,0.0,0.0,0.0,0.0
2025-07-20 06:15:00,337.1,337.1,301.6,0.0,35.5,35.5,0.0,0.0,0.0,600.0,0.0,0.0,0.0,0.0,0.0,0.0,0.0
2025-07-20 06:30:00,339.9,339.9,287.79999999999995,0.0,52.1,52.1,0.0,0.0,0.0,600.0,0.0,0.0,0.0,0.0,0.0,0.0,0.0
2025-07-20 06:45:00,337.2,337.2,267.29999999999995,0.0,69.9,69.9,0.0,0.0,0.0,600.0,0.0,0.0,0.0,0.0,0.0,0.0,0.0
2025-07-20 07:00:00,346.9,346.9,258.29999999999995,0.0,88.6,88.6,0.0,0.0,0.0,600.0,0.0,0.0,0.0,0.0,0.0,0.0,0.0
2025-07-20 07:15:00,356.4,356.4,248.29999999999998,0.0,108.1,108.1,0.0,0.0,0.0,600.0,0.0,0.0,0.0,0.0,0.0,0.0,0.0
2025-07-20 07:30:00,358.1,358.1,230.20000000000002,0.0,127.9,127.9,0.0,0.0,0.0,600.0,0.0,0.0,0.0,0.0,0.0,0.0,0.0
2025-07-20 07:45:00,364.6,364.6,216.60000000000002,0.0,148.0,148.0,0.0,0.0,0.0,600.0,0.0,0.0,0.0,0.0,0.0,0.0,0.0
2025-07-20 08:00:00,413.2,413.2,245.1,0.0,168.1,168.1,0.0,0.0,0.0,600.0,0.0,0.0,0.0,0.0,0.0,0.0,0.0
2025-07-20 08:15:00,417.7,417.7,229.6,0.0,188.1,188.1,0.0,0.0,0.0,600.0,0.0,0.0,0.0,0.0,0.0,0.0,0.0
2025-07-20 08:30:00,437.0,437.0,229.2,0.0,207.8,207.8,0.0,0.0,0.0,600.0,0.0,0.0,0.0,0.0,0.0,0.0,0.0
2025-07-20 08:45:00,437.9,437.9,217.89999999999998,0.0,227.0,227.0,0.0,0.0,0.0,600.0,7.0,0.0,7.0,0.0,0.0,0.0,0.0
2025-07-20 09:00:00,433.2,433.2,194.7,0.0,245.5,245.5,0.0,0.0,0.0,600.0,7.0,0.0,7.0,0.0,0.0,0.0,0.0
2025-07-20 09:15:00,458.5,458.5,202.2,0.0,263.3,263.3,0.0,0.0,0.0,600.0,7.0,0.0,7.0,0.0,0.0,0.0,0.0
2025-07-20 09:30:00,464.4,464.4,191.2,0.0,280.2,280.2,0.0,0.0,0.0,600.0,7.0,0.0,7.0,0.0,0.0,0.0,0.0
2025-07-20 09:45:00,471.3,471.3,182.3,0.0,296.0,296.0,0.0,0.0,0.0,600.0,7.0,0.0,7.0,0.0,0.0,0.0,0.0
2025-07-20 10:00:00,473.9,473.9,170.2,0.0,310.7,310.7,0.0,0.0,0.0,600.0,7.0,0.0,7.0,0.0,0.0,0.0,0.0
2025-07-20 10:15:00,490.8,490.8,180.60000000000002,0.0,324.2,324.2,0.0,0.0,0.0,600.0,14.0,0.0,14.0,0.0,0.0,0.0,0.0
2025-07-20 10:30:00,477.8,477.8,155.5,0.0,336.3,336.3,0.0,0.0,0.0,600.0,14.0,0.0,14.0,0.0,0.0,0.0,0.0
2025-07-20 10:45:00,488.1,488.1,162.20000000000005,0.0,346.9,346.9,0.0,0.0,0.0,600.0,21.0,0.0,21.0,0.0,0.0,0.0,0.0
2025-07-20 11:00:00,505.3,505.3,181.19999999999993,0.0,356.1,356.1,0.0,0.0,0.0,600.0,32.0,0.0,32.0,0.0,0.0,0.0,0.0
2025-07-20 11:15:00,497.2,497.2,182.91578947368419,0.0,363.6,363.6,0.0,0.0,0.0,600.0,49.3157894736842,0.0,49.3157894736842,0.0,0.0,0.0,0.0
2025-07-20 11:30:00,492.6,492.6,170.0,0.0,369.6,369.6,0.0,0.0,0.0,600.0,47.0,0.0,47.0,0.0,0.0,0.0,0.0
2025-07-20 11:45:00,506.8,506.8,179.89999999999998,0.0,373.9,373.9,0.0,0.0,0.0,600.0,47.0,0.0,47.0,0.0,0.0,0.0,0.0
2025-07-20 12:00:00,513.4,513.4,195.0,0.0,376.4,376.4,0.0,0.0,0.0,600.0,58.0,0.0,58.0,0.0,0.0,0.0,0.0
2025-07-20 12:15:00,516.4,516.4,197.09999999999997,0.0,377.3,377.3,0.0,0.0,0.0,600.0,58.0,0.0,58.0,0.0,0.0,0.0,0.0
2025-07-20 12:30:00,528.7,528.7,203.30000000000007,0.0,376.4,376.4,0.0,0.0,0.0,600.0,51.0,0.0,51.0,0.0,0.0,0.0,0.0
2025-07-20 12:45:00,514.1,514.1,191.20000000000005,0.0,373.9,373.9,0.0,0.0,0.0,600.0,51.0,0.0,51.0,0.0,0.0,0.0,0.0
2025-07-20 13:00:00,523.6,523.6,199.78947368421052,0.0,369.6,369.6,0.0,0.0,0.0,600.0,45.789473684210506,0.0,45.789473684210506,0.0,0.0,0.0,0.0
2025-07-20 13:15:00,512.0,512.0,181.39999999999998,0.0,363.6,363.6,0.0,0.0,0.0,600.0,33.0,0.0,33.0,0.0,0.0,0.0,0.0
2025-07-20 13:30:00,539.2,539.2,210.94210526315794,0.0,356.1,356.1,0.0,0.0,0.0,600.0,27.842105263157904,0.0,27.842105263157904,0.0,0.0,0.0,0.0
2025-07-20 13:45:00,535.8,535.8,206.53157894736842,0.0,346.9,346.9,0.0,0.0,0.0,600.0,17.6315789473684,0.0,17.6315789473684,0.0,0.0,0.0,0.0
2025-07-20 14:00:00,529.5,529.5,204.2,0.0,336.3,336.3,0.0,0.0,0.0,600.0,11.0,0.0,11.0,0.0,0.0,0.0,0.0
2025-07-20 14:15:00,522.7,522.7,209.50000000000006,0.0,324.2,324.2,0.0,0.0,0.0,600.0,11.0,0.0,11.0,0.0,0.0,0.0,0.0
2025-07-20 14:30:00,528.1,528.1,227.40000000000003,0.0,310.7,310.7,0.0,0.0,0.0,600.0,9.999999999999982,0.0,9.999999999999982,0.0,0.0,0.0,0.0
2025-07-20 14:45:00,516.8,516.8,220.79999999999995,0.0,296.0,296.0,0.0,0.0,0.0,600.0,0.0,0.0,0.0,0.0,0.0,0.0,0.0
2025-07-20 15:00:00,526.6,526.6,246.40000000000003,0.0,280.2,280.2,0.0,0.0,0.0,600.0,0.0,0.0,0.0,0.0,0.0,0.0,0.0
2025-07-20 15:15:00,521.7,521.7,258.40000000000003,0.0,263.3,263.3,0.0,0.0,0.0,600.0,0.0,0.0,0.0,0.0,0.0,0.0,0.0
2025-07-20 15:30:00,526.6,526.6,281.1,0.0,245.5,245.5,0.0,0.0,0.0,600.0,0.0,0.0,0.0,0.0,0.0,0.0,0.0
2025-07-20 15:45:00,514.2,514.2,287.20000000000005,0.0,227.0,227.0,0.0,0.0,0.0,600.0,0.0,0.0,0.0,0.0,0.0,0.0,0.0
2025-07-20 16:00:00,509.1,509.1,301.3,0.0,207.8,207.8,0.0,0.0,0.0,600.0,0.0,0.0,0.0,0.0,0.0,0.0,0.0
2025-07-20 16:15:00,505.2,505.2,317.1,0.0,188.1,188.1,0.0,0.0,0.0,600.0,0.0,0.0,0.0,0.0,0.0,0.0,0.0
2025-07-20 16:30:00,507.3,507.3,339.20000000000005,0.0,168.1,168.1,0.0,0.0,0.0,600.0,0.0,0.0,0.0,0.0,0.0,0.0,0.0
2025-07-20 16:45:00,514.1,514.1,366.1,0.0,148.0,148.0,0.0,0.0,0.0,600.0,0.0,0.0,0.0,0.0,0.0,0.0,0.0
2025-07-20 17:00:00,502.3,502.3,374.4,0.0,127.9,127.9,0.0,0.0,0.0,600.0,0.0,0.0,0.0,0.0,0.0,0.0,0.0
2025-07-20 17:15:00,487.6,487.6,379.5,0.0,108.1,108.1,0.0,0.0,0.0,600.0,0.0,0.0,0.0,0.0,0.0,0.0,0.0
2025-07-20 17:30:00,470.0,470.0,381.4,0.0,88.6,88.6,0.0,0.0,0.0,600.0,0.0,0.0,0.0,0.0,0.0,0.0,0.0
2025-07-20 17:45:00,472.1,472.1,402.20000000000005,0.0,69.9,69.9,0.0,0.0,0.0,600.0,0.0,0.0,0.0,0.0,0.0,0.0,0.0
2025-07-20 18:00:00,437.0,437.0,384.9,0.0,52.1,52.1,0.0,0.0,0.0,600.0,0.0,0.0,0.0,0.0,0.0,0.0,0.0
2025-07-20 18:15:00,438.0,438.0,402.5,0.0,35.5,35.5,0.0,0.0,0.0,600.0,0.0,0.0,0.0,0.0,0.0,0.0,0.0
2025-07-20 18:30:00,419.1,419.1,398.5,0.0,20.6,20.6,0.0,0.0,0.0,600.0,0.0,0.0,0.0,0.0,0.0,0.0,0.0
2025-07-20 18:45:00,412.2,412.2,404.09999999999997,0.0,8.1,8.1,0.0,0.0,0.0,600.0,0.0,0.0,0.0,0.0,0.0,0.0,0.0
2025-07-20 19:00:00,427.6,427.6,427.6,0.0,0.0,0.0,0.0,0.0,0.0,600.0,0.0,0.0,0.0,0.0,0.0,0.0,0.0
2025-07-20 19:15:00,418.5,418.5,418.5,0.0,0.0,0.0,0.0,0.0,0.0,600.0,0.0,0.0,0.0,0.0,0.0,0.0,0.0
2025-07-20 19:30:00,413.3,413.3,413.3,0.0,0.0,0.0,0.0,0.0,0.0,600.0,0.0,0.0,0.0,0.0,0.0,0.0,0.0
2025-07-20 19:45:00,413.5,413.5,413.5,0.0,0.0,0.0,0.0,0.0,0.0,600.0,0.0,0.0,0.0,0.0,0.0,0.0,0.0
2025-07-20 20:00:00,404.8,404.8,404.8,0.0,0.0,0.0,0.0,0.0,0.0,600.0,0.0,0.0,0.0,0.0,0.0,0.0,0.0
2025-07-20 20:15:00,391.4,391.4,391.4,0.0,0.0,0.0,0.0,0.0,0.0,600.0,0.0,0.0,0.0,0.0,0.0,0.0,0.0
2025-07-20 20:30:00,399.9,399.9,399.9,0.0,0.0,0.0,0.0,0.0,0.0,600.0,0.0,0.0,0.0,0.0,0.0,0.0,0.0
2025-07-20 20:45:00,381.0,381.0,381.0,0.0,0.0,0.0,0.0,0.0,0.0,600.0,0.0,0.0,0.0,0.0,0.0,0.0,0.0
2025-07-20 21:00:00,361.0,361.0,361.0,0.0,0.0,0.0,0.0,0.0,0.0,600.0,0.0,0.0,0.0,0.0,0.0,0.0,0.0
2025-07-20 21:15:00,345.1,345.1,345.1,0.0,0.0,0.0,0.0,0.0,0.0,600.0,0.0,0.0,0.0,0.0,0.0,0.0,0.0
2025-07-20 21:30:00,358.0,358.0,358.0,0.0,0.0,0.0,0.0,0.0,0.0,600.0,0.0,0.0,0.0,0.0,0.0,0.0,0.0
2025-07-20 21:45:00,355.7,355.7,355.7,0.0,0.0,0.0,0.0,0.0,0.0,600.0,0.0,0.0,0.0,0.0,0.0,0.0,0.0
2025-07-20 22:00:00,334.2,334.2,334.2,0.0,0.0,0.0,0.0,0.0,0.0,600.0,0.0,0.0,0.0,0.0,0.0,0.0,0.0
2025-07-20 22:15:00,320.8,320.8,320.8,0.0,0.0,0.0,0.0,0.0,0.0,600.0,0.0,0.0,0.0,0.0,0.0,0.0,0.0
2025-07-20 22:30:00,321.5,321.5,321.5,0.0,0.0,0.0,0.0,0.0,0.0,600.0,0.0,0.0,0.0,0.0,0.0,0.0,0.0
2025-07-20 22:45:00,324.4,324.4,324.4,0.0,0.0,0.0,0.0,0.0,0.0,600.0,0.0,0.0,0.0,0.0,0.0,0.0,0.0
2025-07-20 23:00:00,309.1,309.1,309.1,0.0,0.0,0.0,0.0,0.0,0.0,600.0,0.0,0.0,0.0,0.0,0.0,0.0,0.0
2025-07-20 23:15:00,314.7,314.7,314.7,0.0,0.0,0.0,0.0,0.0,0.0,600.0,0.0,0.0,0.0,0.0,0.0,0.0,0.0
2025-07-20 23:30:00,319.9,319.9,319.9,0.0,0.0,0.0,0.0,0.0,0.0,600.0,0.0,0.0,0.0,0.0,0.0,0.0,0.0
2025-07-20 23:45:00,319.0,319.0,319.0,0.0,0.0,0.0,0.0,0.0,0.0,600.0,0.0,0.0,0.0,0.0,0.0,0.0,0.0
